image_hash,width,height,box_hash,x,y,w,h,category
1abef6311570b94c2e6777cb1784e552,865,1080,c4c9505bb0f63fa3b2cacda883b6a145,271,147,264,467,dresses
062f0bccf3a006184e4582c32578659c,1080,1080,4c633ba22c382338f1fd0ba7b17dec15,358,219,220,408,rompers
10d38a73921732ccc0c2b039c9244089,1079,1080,26ad62bc83510b1c9bd694e187f52f3f,319,154,472,904,dresses
2ae4e8f5865d4c8cdcde50159b0c9771,1080,1080,29a12379e3befb900c8397eb6957b910,293,396,256,346,dresses
2383913c2b91f9041446dce38fccfef6,1080,1620,675c607ecc6b0c528f4f235fbae101fc,430,446,387,663,dresses
46bf504e313042e6c34b4bab7dad5068,810,983,784cc2326c7b2b2c086c7900ce564263,223,420,409,352,blouses
57e53103e800834da7b6f09eb536498b,865,1080,81ea081b5fe5a4e6b573540ac1511d17,286,183,292,395,longsleeveshirts
06890afa70dda100a4f702a0591212f4,1080,867,a00370182440792755efe07130e1c457,256,393,184,184,blouses
69175ead1c979500d77a08d0d58514f0,1080,1080,33054e56cd6b974282c7c1f05e1bc3bd,481,278,198,560,dresses
4eef6f6b6e0195bb9107c7dbfb21b63a,1080,1074,02487e2a66cc0eb43de25be02422b7a5,405,217,269,772,dresses
d040bb2227b855dea009eef49a89e794,952,1080,bf414d63569a3ce3a38769e5e08c64bf,330,280,443,510,dresses
4e50be9effc7e2670373c6d0901b8664,866,1080,fe7f9f0212fc9eec5d56d186cef7d442,274,180,241,601,dresses
bd184e8ab6cf4b25b9feaad5653a8c12,1080,1617,571fc5ff3ee6825cb7611d19c3b714a7,326,519,428,982,dresses
d92d79fdb0bc118368f0f3e61ee6b2a1,864,1080,14e4e0476af071e29f6ff0117cfec455,205,201,295,871,dresses
972d050513854d8be33948d9e3ee1625,871,1080,ace0e1382eddfe106968b7160bc27782,77,229,504,731,dresses
881ddae0dff2447d0830f501f872fc4c,1080,1080,2a79aef883ecdcecf11687c5e4eae0e8,380,173,290,625,dresses
d3c0c15bc5c0782f1a5f28126176c30b,1080,1080,62038820e4be3854ace9ad429825d9e5,480,294,411,616,dresses
6d2dc96a8a480feeac9eac6af66d42e0,800,1423,5d1818042f039d0008f843b8df66e794,288,453,182,463,dresses
ffc89bec3684c88dae28b58e27ae7d24,800,1067,6550d1a3cae884e4b2d93b99f011e28a,291,220,235,599,dresses
0e06f48f09b27575512a745814041932,800,1067,2515adde865982d479bd3d5ccdcc686c,320,304,214,440,dresses
9fbab79a2cc50ac8dc042bd22d147841,800,1420,03ce4fe499a33274e55c645bbff40cce,144,222,529,851,dresses
7169260d858d5c6ceccfd64c7580a017,800,1423,48dbec113b33cf6e2ad478754e186d8c,216,330,367,1031,dresses
29c851685649b9d1a6612ec347a91633,800,1062,64400a9b1e98aa506aac31e4db77def0,227,190,324,802,dresses
87a4cd26f16a7ef42aac3fc3e6492048,800,1422,de31e3348c5edae3562530ab99f10dbb,282,357,271,785,dresses
f7253b428de2089cf696811606df8035,800,1066,18c0f20d70828e144e8efc6a49acfef8,224,285,258,507,dresses
e80c22c3c3ce8c171a4c69035c5b7e68,800,1067,4ccb703c8b176f5f2786eb22014829b4,183,241,322,825,dresses
8c83a89fac143c5aab159511b8bccb91,800,1000,9caac6958e52737a3825b2b6113450b5,273,197,234,506,dresses
e6fc59ea5475cbce291d287ef7d0aafa,800,1423,58cc305be8fa09d65c36c0e8008c5d6f,279,306,323,730,dresses
8e643637745b985825d60d5d2524fcd4,800,1420,2a31369aa75ec83ba83298c59026cb91,320,146,272,565,dresses
1110d5197b8b88e2239806ffff09fbfb,800,1423,58ae9637267507de3f3f4010268214de,182,254,449,786,dresses
dbd8fc54f5713acfa9045f8cf8056eed,800,1067,81b9d14689d4ea38a79b51bf3b639793,314,202,247,864,jumpsuits
b79f2caf9499cc3e087a3fd8a49400e2,800,1423,b2f34d73a3b00bc9312763a995aec2e8,277,363,249,643,dresses
8e759525457f261d8a0c27c4b10b6ff5,800,1067,1ff1d8bbc311ad8397a464089ee0836e,285,337,227,354,dresses
0e0f4ad29fa333f00626942d029b121e,800,1423,85c44d350230a3774591670f19f0d062,108,244,453,701,rompers
7aa8d10bce46665e492b13586e5f8372,800,1200,ff1f6653c147eef9c7f09bfa20da60d6,258,291,259,841,dresses
b2fcf73982cf0b55af326d1a960bffa8,800,1423,7fcf0b792da201288a92c4b730c48333,77,220,499,1104,dresses
1736b032fdf911e0ed2725bdd1c20478,800,1494,6cfc2b3a1d8605115791a846ead1a25e,152,421,478,703,dresses
38b2668bf3d7fe9bcb0f70ffcd66ca6c,800,1422,132f233fbeaaec9a61dc8ed2274706ac,301,765,280,348,dresses
d22f078e851d867f19f53e044556806f,800,1423,c2716c6a2a134e281b4b039a45a691f8,322,419,144,480,dresses
b4cc82e271039fafabb677c78c822900,800,1423,146c253b5ba2a4b1de2176ee07d06dc2,247,334,321,807,dresses
a45663887bbaebcf7cea4b602f6fd768,800,1373,7b384c834553df7c8fd05957b5a0e275,53,280,701,659,dresses
69b35a4b7236f4c5e37b0bc46335306b,800,1067,e006d9b737643c86e4d1fe9422a24ef2,284,319,206,351,dresses
28be081599dd27432ddd4b9a0fcb4908,800,1420,a9a8fefb5801d39804a79b5a72579d8c,236,424,270,876,jumpsuits
56f74e54d91de9d413d46b264b213e04,800,1067,2141b843ff2e2dedbfdee4fe89f28398,254,233,277,759,jumpsuits
95023f395f7fc31492fd097a68b26602,800,1423,921afde4ee8e7d6550aa2f201ebe733b,216,184,281,753,dresses
5f37d67084c7e1c501b152a087458f0a,800,1423,44af88d061905c93fe7234078d223a9d,215,297,323,578,rompers
5c619f300aa37a7b2290219e5dcf645c,800,1420,8cba28fcb5ec54dc75b80a594762d432,180,283,388,770,dresses
3127548113f4691fe2b00ef64146d1cb,800,1067,c3407d144969f6ad941520c786933794,228,382,278,670,dresses
424e0a02a9b83499ee231bb7c55920ad,800,1980,a74df5f1f3f3a854d964d9abb57891f0,191,425,452,962,dresses
e330f3c18a439fd9cd25e907cf49f0a3,800,1067,53e31e01b947860b6da3554df35c493b,266,217,310,446,dresses
ddfdc8d36148f735eacb5391c976be09,800,1067,bbf9a73ba1d793e9ffe0644896a5edfc,316,310,180,442,dresses
fbb8cf5b16d3ae8ebb21d4c357ca3921,800,1067,4f297672e2b622e7f4e3ae385d243d45,318,290,204,515,dresses
2464a2a559870834a2501e564c87101e,800,1200,3c353c27c2e6c71f68910d4c87e49dcd,361,219,335,793,dresses
03dacd49589e09893dab1f0eb39ee1d3,800,1422,e10beddc6ee278ee8c8f8151ab194831,225,462,405,747,dresses
faeaf94af49df286e7e05978c5afad71,800,1185,c6855f294bfaf90372a8cb2eebca8dea,198,200,258,685,dresses
616a695c75859f93b47878c088ccd914,800,800,87a4eab5581a33da328ac9bb17b45e68,329,171,148,381,dresses
392afc5ace73c73fefb1dbdf14fad6f7,800,1420,069e63b0b606b96dcdebfeaac415e345,167,250,353,639,dresses
236bd779f6d0fc35b3fdda8aa47e90c6,800,1423,6b627ee84bf6d2358612e558864d4a95,86,64,463,971,dresses
2e374b38a2111eae59e951383cc12a55,800,841,b1b5ca32da3e02c92b37c884e372f3fa,85,0,398,385,coats_jackets
03e13d15db13e58e831a1bc5e3cbeb93,800,800,5a803edd37f60c44a34fe2dc1964128a,290,214,204,245,coats_jackets
d3bca54c8201693430ff90f07539b0af,800,800,c60906fd42ef71c84b56b2b08dfabf53,297,189,186,594,dresses
956988b6d0b5dc2a0608c3bfac471191,800,1423,3e88c64040697106cad7436be12bd041,273,375,242,732,dresses
48a1f85d960415cef96fc3afb84a52dd,800,1710,170219428383759534ae65e64adf7a02,168,416,453,744,dresses
24d11b2802035b8b1c366f3070f03e07,800,1013,e0b092e496916d921dfbc0917346903e,263,193,299,504,dresses
49cf317c8da6df8ba127bbba3cf16ebc,800,813,f39d921c7cabb67c3d2a98b69d7cd05a,296,135,215,397,dresses
5fbc2a27b845e183ae87b3ca16d7ce2f,800,1067,1dd55a8da3b397a6566ad76b08e8179f,307,352,163,667,dresses
8113eb3ff5851223ea9c59559702964e,800,1420,f50405f2f6758ad663e3738b7d0e8076,274,411,164,592,dresses
a275c54852b73d1698f21c3314e9520e,800,1423,e227d2dfafbae7e82edb20f67149149b,254,88,385,782,dresses
e3233f6e67296e61cd0c5cd993b43e86,800,1067,1ad0935c635c9e9f47619464477f661c,288,220,253,593,dresses
75c01654a46d105c020f510c465c38ea,800,1423,a4fbd15e56b463623ea51b60ecc7094b,291,451,397,569,dresses
47dfcaafec502ae5dd3c977cd246c13a,800,1420,4e4f229af29311dbbccf6cf1dbbddee4,110,263,435,638,dresses
ea78b908e7c9a5c6636ed59697872d34,800,1067,4bfc2d84dd3de1d9f55664137caa93ae,305,229,242,686,dresses
d44cb8a80241a37e7f4eac3cd6e8251f,800,1200,7c6a671d8bbf7f532cd3dc2f90bbde40,282,280,274,517,dresses
442dc17f7831f041128242e611b10b9d,800,800,e529e08d82046660e4eeb6f901341ce4,324,215,128,428,dresses
ef567b0ab68a727c6957e347530ac4ec,800,1067,c83fe5d18872da1d10ccd25246bb1746,309,246,238,523,dresses
5d872374b1d605a98f2610e741b0fb78,800,1071,bbef6d544d7cdfd392fdce085dee72a5,251,269,276,522,dresses
55f95ab3ea47ed4a90ed3343dd218c26,800,1421,170cac1829689a93b84bf4e5b3ec6c40,265,371,312,619,dresses
4e124877cafe2df6b47c51fc7dd83e6a,800,903,696aa19f34c0679cfb19e30842ad528b,340,441,123,230,dresses
a81bb33fe54733dbddf9aa7bb56451cc,800,1067,cb96c626041d1298a8a2e1614a66c22a,281,278,222,459,dresses
bd83d198f08a73fcdc428415d47c67ab,800,2258,cf525a8fc96eaea8f81ca51a3ad0d41b,289,633,485,1624,dresses
8697c550f7af4644b5ce5a215fee71fd,800,1423,564a3b712b0254249a1fd9567580a374,5,15,643,1292,jumpsuits
8de6d5ea84f6eb371cd39317323960d0,800,1067,537ca82299e404af45c019c4f17a21ab,217,180,191,463,dresses
3dea422eb909ed7e6ccb7ad5489532dc,800,1066,a041cf1be1598892055f5dcc10157381,210,39,388,704,dresses
ce56230802861eedb0dd7149a8dd3d4c,800,1067,8886826a60b59a5fe1aac561fed33901,297,471,218,530,dresses
ef19f127dbbc5988c20af8b4a35a07f2,800,1423,a02fbe97a77dd2ca07f274b59233e410,218,300,256,693,dresses
dc008dc24c942e74fb68c3c955b002df,800,1067,32f580b504b8c05d4cca880216e77e8f,282,288,245,427,dresses
17120b1c1168da3599cff844525a21e4,800,1100,dfd9fa64f7baff64600b02c3a1785906,204,40,330,717,dresses
f3f9194c2bdcf46b70049cbceee95deb,800,1422,d4c92f1062a8d085cd3db3149277abae,215,364,246,606,dresses
80b4b4c939a2a09a625070115a60fbff,800,1423,61c9959d31c9538c458bae39d062db80,293,283,304,686,dresses
fb746a5dc41e54148036326736ed6199,800,1115,422d420e44f75a40498059a5059d8b28,240,216,271,611,dresses
01402e29ba02daff3c3bb9f52ef8c681,800,1420,943d906aa22d5cc974cfe42319985d9f,166,43,486,856,dresses
7d7cc90f0bd8cf22345b50c0a6e5c1fd,800,1423,6d3060b858b34b727e0cc46a6f2faaac,60,310,697,1096,dresses
87adc68230ab0e7a5d9d9e8b95eb38c5,800,1420,cb1f81e5e94cc3065cc0994ef84ca9ba,213,305,269,864,dresses
ad126505fa9312be00f27d3ecd92779d,800,1066,0b61be702221d52e37a56d46a872b668,218,220,233,641,dresses
6c2a7af9da341414a78bf0d709e6319a,800,1423,f7b0af7d45b7ff33853770c8be39c9ce,206,271,330,619,dresses
dcf6be4f7b73d35f43e08ca8715ccf39,800,1067,14b093de3ab27a4de275712364dc9ea0,141,160,363,696,dresses
85af24cc906a362c0a0eab65d4976d20,800,1280,8c75349e2e9c99d002195a02c0493d27,30,50,768,1216,dresses
34ca5b21eb4f422785e7ed0ec81cf9de,800,1422,752cf94b393fb8cd8d4d9de62c85cde3,206,338,395,775,dresses
23655e95384849d201375fd23c6785cb,800,1423,d4d14083c7ac6161b125f459db05ca93,232,283,456,1101,dresses
8bc3649de42a899aab5b815e711014b9,800,1000,d03259b20231606b4cd6711f5c75c49a,323,307,247,449,dresses
5bf148a6c50a154895f21efec4c21f56,800,1067,5e6925f36fdd022b6c246402bdffc974,256,295,208,438,dresses
134ae53770df7abd09b2c4b019225fa2,800,1066,29dae627b644d252f94f220a93a270be,328,319,178,385,dresses
8c8d0c0b1b493c5a30296edbc41af2fb,800,1420,b9e7fded419cc07005d1e8fae55b94fe,145,278,471,636,dresses
acecb3ab0164f36abfa78f8b513e697d,800,1067,cf5d7bdaded9a7174d6c28b9b64722fb,316,396,211,648,dresses
51016cff3be2a535e34e38091cb1b449,800,1423,fb4cb17fba19753e2d309f7f769ce380,394,335,405,854,dresses
c0b8db01008d05708022207a7f5f643f,800,1423,17c187f9abd013f6389597c795e0c043,174,27,392,956,dresses
6f2c830826d7604bad8f08f4be149a2f,800,1067,3f03f11e2c653bac6b9ff1555e457412,268,227,235,659,dresses
7fd17dea29b4baae2b234a69704ab851,800,1422,d903ffaa9230d7009a51d96248a76ef0,133,204,398,902,dresses
90e619fd5bbc1b81fdd45978956b5b2a,800,1423,13a0d5a17b91969e954723b0bf661a34,61,300,712,681,coats_jackets
35cb43bca1d1a717333e7902c8feb67c,800,1422,4c363e0d9505e29887a5bd35cf2dcf3f,312,259,307,699,dresses
f3117cac882b7c381b0e7794447838e9,800,1067,f5d67b82c6d15104bf3f4cfc10a175ff,369,505,72,183,dresses
1f434fed287870f9c8cd0fe1db5fac71,800,1423,02c5df938f4f3f09e4776960e9f26b8e,248,274,274,808,dresses
3efefe991dbcc288948122f4c15944db,800,1422,773269ac9cb780a173edb982e1327bd1,337,485,189,501,dresses
853dd73e3cc52af665e563b860629a2a,800,1067,43d36911e469c91679aa660927d3a483,222,228,243,576,dresses
3c67ff5de9af48bffd4fd0c67ae08c8e,800,1067,8ad250f9baaa02b3b3ac5ebfb39d4ebb,228,234,311,516,dresses
04bf219f1c63a3d3ddc9924e8a798805,800,1067,f31fe27ff2840d09a93e46bbd8d1c83b,186,186,254,840,dresses
4fe0b7d209a5073dee5c26ea04baf409,800,1470,ca27af89fc70ae9ddb1556f2fffd0eba,108,333,437,1021,dresses
230c1f0cfa94ce573d54b2c2112cd527,800,1277,ffe0a875f8880f6118faae74e3379b8a,303,371,218,730,jumpsuits
8a948fe53899747995dec43a642356e1,800,1423,213ee3ffa9df20aab4adc4aee79358f8,287,470,172,454,dresses
427202a40b4bf19d3474e031a612a773,800,800,230aa2a37404b6675a179dd84d62dcc3,294,177,199,348,coats_jackets
088eea9f29a63bbad6b8051e9145542c,800,1422,8d16c06cf97f1e8beddc7a91b6773c32,243,321,299,1100,dresses
2714d375ddff9dffcf65f20228f0db0f,800,1067,a3d35fb3c93158b70347c296f8a249bb,324,323,139,656,dresses
80fa0b104d02dee51d02b0c11bf8925f,800,1066,d21e7b33242674bc7b09947953b890ea,267,163,235,652,dresses
2420ea29a4d3430113afd9a1af13eee2,800,1067,0ad0fab2197df4d4beac2d55482d0c0f,228,288,305,761,dresses
f4c9c4fcb6f0428f2187880d6d7125a2,800,1423,6b59699f976cfc2db4219c42e3518d58,287,378,354,1003,dresses
19536430add9642b2409b10bc06e3baf,800,1423,988ad2f6780bf1d0ab6161bbebf23374,177,288,437,738,dresses
9bc481fccaddb4d890f0f254b5ef543c,800,1067,c7e73740708c5ce6b9c9ad6c06ebcc34,225,251,251,466,dresses
8cda976a16393903802ff3fc7673479d,800,1543,b870915f2465414f79441e9977e5e27f,221,298,388,1193,dresses
87c67404cc2592aa80b2360019556cdd,800,1450,a74ea7592e3ee5cb4536785caf0a2d8c,298,322,253,657,dresses
2c7c51eb7d440aa7a127fd47281823f8,800,1067,a83cb9605cf42285e1e4c9da7d15bda2,287,390,286,464,dresses
0a68a600203d3c0c4eb72e9f5acf2f5d,800,1423,1dbce96ed3198fdde416f7118e9e9f85,122,75,523,832,dresses
43dea118a3a7bf40c2fc2f9f1595aa32,800,1423,96c7d566d8fcb3c015473bbdae853469,285,286,300,584,dresses
0e9b5ab061f6e30e140f8d336e6f8d02,800,1419,14c242a66c66c9fe4a146ad54a2b6ba6,226,391,333,631,dresses
773eb0ae8e6a2bc011e87586450d17b2,800,1204,73bd05909a818cbb64659fd3e2882996,348,498,184,441,dresses
667dee43e5d1d938cbd8a16714b8aeb6,800,800,7313f08537638fe251d3b127c0b5c1d1,317,148,186,368,dresses
4c0622fbebece80a3437ed2962f310d7,800,1423,5195d15e1ca3d12af058df920e6ab279,177,276,438,744,dresses
7385de8670de95058ed70c6a77c4f94a,800,1066,278727200af203a6de89207f507d51b0,259,208,222,762,dresses
a4feae2f26b8d668d6534161030bab1b,800,1420,eea732da053b8ced176c48f57b6a9d9a,387,403,288,994,dresses
475f9592afaf93666444e08ca9e53456,800,1549,b9b146ef53967383bd46df59bb2fbc0b,240,356,535,750,dresses
b491249c937bf3d7f3d8645c36e94488,800,1420,acf65ecf1975b2a412984207106e60d1,253,423,520,896,dresses
025bdac87e88ddcd92f68064fcddf007,800,1420,84551c791d94a010edb65c1b883cdc4c,241,298,344,816,dresses
294cd8d80f0e9593b92d5fa7413f03e3,800,1067,e5169c46452d5635e3fa6d3bd8bb4b2c,340,323,176,458,dresses
d2023be4e1721d41e3e3f4df69e1619f,800,1004,def3ad79b92e541df9f32d7bd3ab1ba7,353,524,171,439,dresses
98ad951383198596ed16cfa16196b68e,800,1200,639d7ec78e538f421e8bb9ce56b1d6c9,277,23,246,658,dresses
af6af533b45ba7e1a75243c80b9c7513,800,1422,123464f9641e379681fbc080cb88fd43,219,216,434,629,dresses
642cd92cf2823fc42843594d28f4fb10,800,1420,d73495f87338c5e0997930d37eb55c4f,189,148,358,1109,jumpsuits
e801775702c2f91f3ef1cee2d240f399,800,1067,a0e68174d7c5e5c59b40b3bf44c30541,204,204,286,468,dresses
50fb59a7525dfcabcae0a16f7e6d931c,800,1470,7b82c0ec0e3201de03382c4bf5c35ca5,79,260,348,1096,dresses
8e2e7a4090d3f7e6d84de9fe06c24d34,800,800,ad6a9ddfedf181a4040ca8242b091faf,179,144,296,655,dresses
a5e7d8fa02ba5b5386f26cc67b57713d,800,1066,0be79fa99f471f3020b4016227edc543,314,341,174,381,dresses
56e80f0e371132a686ba758d6db3724b,800,1067,ccd947f1ff63f4e852e06dda7614fff7,231,200,322,840,dresses
26f68b0df439780a35e8cfaf1c6a672c,800,1066,88fa00ce393ff8607f98c4d469c37c4d,278,212,228,483,dresses
76b4fdfbaeacc2cf027837e21daf9051,800,1386,ee815f1562be39ab6698f79f7d808186,261,395,301,566,dresses
9f8262e9616055a1ba9360bfebea776d,800,1067,199de962507182d712549b0f0e4e7301,246,238,350,411,coats_jackets
a092c1b54e0c641f6e5ad70a0820bcd9,800,1067,09a278145e05f4b23c244fea597c8e1a,258,269,237,432,dresses
6439147e630ea077ec5dfaaf02d58832,800,1420,73bf17c294334fbf7786c3d84891e724,149,217,361,609,dresses
4f28da1b04b830bdc7c8c55922c980aa,800,1420,dceb88eac400a80a81abe389287c0502,131,289,358,802,dresses
6d8b2e8fd9b1152c8e36dd5ad75ad612,800,1423,72ae1737f607388540063c29f6d51394,307,59,359,738,dresses
0266aae504d5fb22b950477e78c5ef7c,800,1066,9a9fdb02c546e9b4c50ad7a7a4ae7377,233,205,323,554,dresses
23e96177cd60bf0f0a4c029e683dcd43,800,1422,f29dcd858abf29df99fe82ac598431d0,293,422,291,456,dresses
d2619596dc54bc68b2c6195c14bf4ea4,800,1067,355a02c7dd6723737b39627808d8388a,282,253,331,476,dresses
25b3341301721593a6b75238011aaae2,800,1419,16af32551e8432e76f1752cfdb39fd74,243,394,371,768,dresses
0d68a7cbc70addef47f34e6868110ae6,800,800,569957702eb0c2c058ed704ec239cab9,221,165,344,474,dresses
5cf3ebd78d053432eb1eb01aa8935b92,800,1066,ece95a576e7acae87b62c6e58d1305fc,294,242,156,421,dresses
b8076691c41dbb0b363db529eae71dc1,800,1420,138466fe9f945ca2d76cac4d01a7a6e8,243,256,294,1092,dresses
179f9b2935133a4200bab19d8104f1a8,800,1164,52ab4d2680560e56a8c9f30e289d1f6b,102,222,455,713,dresses
82cb8fc1f00603d3c76def26e95aef57,800,1422,f51d525a5138597bb9580148d6241892,301,484,214,443,dresses
28dae612c875c43d49477286d6866420,800,1314,d7439381f79e63928ae5e8fc00461d6c,178,335,449,573,dresses
196e653d434e9f5456fa2d2f8c60239b,800,1419,693278865502400aa4c12de34bd36172,194,388,291,1018,dresses
29f157bb1acf3be630c424130313c0fc,800,1423,53b41fe02e3276818f0792d9daa0107e,239,285,340,586,dresses
e287b005abb2257c3abe0134dff650f4,800,800,754b84edbf627e3727dd476ab1729d80,355,164,250,338,dresses
b241b5332402a3a892b93961ba7f4c04,800,1066,7ede569bf06664445daaec657f17622a,178,312,217,401,dresses
824d37e4bf95f88fa29142560fb86a45,800,1423,6ba95b4c9dd9735dd0f83d4b5b8baeb5,146,339,357,1083,dresses
3749bc18f69043f1cb56f0ce8518fcda,800,1423,9ae5003f89243cc8b961c7b5a53f0f5a,236,453,299,799,dresses
d98147544728a3d65519b9ffb7638562,800,1423,48f037ed1f57ef2653322ea581f03616,264,506,265,511,dresses
69f635ccf57aad08f019604cfe1cdfbd,800,1067,005efdb15112855760364c1fb2b162a5,159,254,227,699,dresses
26032bf668ec6c0ac80c76db6987e51e,800,1423,4ce56775ea43baaff8b0f14c5506d619,213,307,382,700,dresses
d069a3b7968f1f28975027dac87de6ac,800,1423,e1e67b663eb5c76612f7b9ed7395d8a2,211,320,294,550,dresses
d6c8009e6087c967b1b784f151b52e16,800,1420,088f4b5e4e64abc2c4aebdfd162621fb,232,388,313,614,dresses
979d51241ee0272c75e58e2fb8ea0174,800,1200,992bc7f73c5a794ea8e024948acc3e67,129,240,453,519,dresses
776df23fef1ad9436e43f7c1bd815bf1,800,1384,34b3757e6cca926ec4f707abe9627534,149,376,289,631,dresses
2378838b69db4cb4f5c6405c856c3ae6,800,800,8718a3e86a0c8af4331bdee3614a6874,295,142,169,624,dresses
dd8a43e0d2612fea9df8a0aa22276df3,800,1067,2240fb277f786b80536316cd5f678f02,269,232,246,570,dresses
459ba3028afc044c4dff905aabb7fff6,800,1423,f4b0f7355b796929577f141bfe872aeb,170,48,459,996,dresses
d0cae35b0c9d16c5d9f617a167c1c43f,800,1854,b4b2b5f44022899c90b3e3f16d55dc28,192,459,564,857,dresses
abf26404dc183a95351aeb2ecf93e71e,800,1423,929be925cfa1169d04795e27bce9f33d,217,404,332,558,dresses
49c7ec254e28104b97a17c7350ad5009,800,1067,12df7e40b55d9367d0bb812684b5b890,233,273,276,396,dresses
d66ee224c3eecdbeba888117826d4177,800,800,ceca3b485b92b31750c6f780f6440b0e,300,176,255,397,dresses
329d73ca957f454ea59cf7491b83bf5f,800,1423,c12fa70c2a5e7906ad915d48463dc0fd,141,322,394,604,dresses
6f0194153b66d16b60de4f408ace3457,800,1422,ced66f1dc1d11ce8be04605df2206901,148,465,287,858,dresses
1a50021fe370034d7cfbb5b831d3729b,800,800,7c9aefe7423df68ff9548e790da9bdbb,323,206,177,398,dresses
58619206f4c0720c4b354a7f7201ebbe,800,800,3ba12561d550be5eb76ba55b793b15f5,306,225,133,301,dresses
d95a9fc58328d2d6b4f18b1448007d17,800,1423,8261660867aecd249f43f0bee4e56ef9,78,411,477,789,rompers
98b3cb8773e92c884e516f9ace5b4845,800,1423,62ced3aab83fb6ad8f5140d5d6ed9b90,204,223,356,707,dresses
46c9845bfceed707afdd50a7a1490c15,800,1067,7bb9080342b6bde33b1e9ff985d5a94d,268,344,256,669,dresses
fc9fc6fb396bb992ef11772d53505c35,800,2088,d662c07d7bdb5cba15f6447c65a7fa8f,233,329,516,1472,dresses
2921030a4c46639f29160660bfc2d7ed,800,1066,0d65f24117e3e9e834a336a91c98571e,262,263,253,454,dresses
ea50162a0eda66ea7af802178b2538d0,800,1067,7c7a3a11844ea184b1c9d53d79551a61,215,394,163,367,dresses
a4be66087c64a61110ab7deb5c67a2ed,800,1420,733b072c94e3177458f17e29582bfb58,159,377,496,688,dresses
7f5bfc4605c6620e63844c49ce190a32,800,1067,551a05d1bdd7d52c2c64b0f7e840afa3,348,240,208,792,dresses
a40812a60a103ca809ebb7c1ce7c886a,800,1067,9402bd611cae5c41a6f86548607356cb,292,198,211,823,dresses
e1e1f8006b595434bd76f2746dd58a68,800,1067,8df3724feacd9d81d595aa419204a552,254,233,267,552,dresses
81ebdbe3259c1a1230651d42c10b3ec2,800,1422,aaab926814457f78f3e449bc2f51f2d7,189,213,518,870,dresses
517280beaab2fc2e903476cd0374db52,800,1423,d7ea98aee7079c8a25004792c05820c2,51,291,493,974,dresses
04d9daf5745e2fee5470c021a9a49277,800,1066,3453ab58e98a0b801300a7f0a0e25cf5,279,226,263,467,dresses
3bfee4284f89ee3652405aefb285f154,800,1050,2f34d0f91c755695e8986f8657f19604,184,285,401,675,dresses
c43b1a393acfe36cd580d8f3d46c8b5f,800,1067,efab698a55df9d6e7462ff862450711d,248,195,276,812,dresses
00121d74c7f5d323427c6b9bd85ffa99,800,1067,7cc1279156e89639589cebba7958ae0c,294,261,223,480,dresses
0a46290de7cb9c103534039b4af69227,800,1200,2791ce27a95525d0fc2ad48a7ee80b02,238,200,394,672,dresses
5756c80d4256e69cb3ff7be9ec86f311,800,1423,ccc892e3e6cfadb8f64575fef85b32bc,271,461,274,518,dresses
5353c951f616fa820b366d80b26748e3,800,1423,f31209cae4556b92ccd20af9e941ea2f,207,406,395,944,dresses
9b1d3f97e78f31e3e72375ef2f8544c6,800,1067,eba203eff80448d5344ec363618ef795,289,243,281,514,dresses
63c8e9237669ce4bbb2aa1f2014f94bc,800,1067,10cea5943f241db7c338151f3adcd6eb,289,294,211,653,dresses
adbab9df6700fa7275b3eeafe9ddabe0,800,1067,3c7ddad2fb050b1479db38a42fe8ab50,72,188,364,759,jumpsuits
56da8392e69722de567e824746dbeef6,800,1423,3c225e5be57c1c17b9efb29b952abe6e,185,431,335,904,jumpsuits
6028daa43062ccc528b3cd778f03b09c,800,1420,707376bee6f9d65b6cdc53e657c8ad09,141,560,437,435,dresses
b1c4cabd6cd7e31cc762b3934ad992ce,800,1067,b364e879d5047f75c803281b92c787c4,313,218,205,358,coats_jackets
c66c33f340ca4c02d3bbb5d1bff1a2f5,800,800,bb663ea8e5146969ff41848b7643055f,311,165,177,399,dresses
8e3000e639d89e541dd9c88d4331620f,800,1420,4abf898655e1c8efc3fabcd08fd61669,201,330,376,658,dresses
a25b6fa8bfae7e56a79ad6f2230ef6f2,800,1213,355e358476cf437b9caeac78ed28cf5a,226,405,280,788,dresses
36549ad6683e0020dae043b358e4338e,800,1423,fcf7e5a4f49699bd96e3d55b9f02a545,284,313,270,855,dresses
e89ede58302eb47c7c995689367a92ed,800,1067,873cadcd4292aaa614a9619b0f6c0f5f,237,312,243,514,dresses
c6db61a279614f84e95a94e46b53a4eb,800,1067,1d639f5eae2613d68dd0bcf27bad3dee,326,287,204,494,dresses
72f4cb3a69873584203f757c7dcfaa5a,800,1420,9badcaa1422b4ca785ae062b8569ccb6,269,361,293,525,dresses
71c9de7257a0b1609985e79bde3ce0cd,800,1545,06fa690ca80f952302c3f377db25f00c,121,335,540,1123,dresses
4e8a05321598294a8664bda3e03d4af5,800,1423,721eeb6fb095bd9f5ac5aca4cfa36578,291,411,354,715,dresses
9a14f78bb8aaf834cea2e205d61a2953,800,1423,0af5abb765b3b0428c3c579f02f13586,295,440,276,434,dresses
0548139172ec739aa7ba8a430bb7c800,800,1067,3198485d37f046f7f6b2bd84a0e4923c,170,298,444,597,dresses
692a36d84a7ed1a264fd9673ee90974b,800,1420,5af8d5580105139a55218c80d5045bf5,175,303,429,1023,dresses
d4dde8f06ccca367f2c15fb9c653acbf,800,1423,921d4800c4acd0d493bd99853ac09d93,261,434,340,545,dresses
cd6923de3996505918baa3c493fc370b,800,1423,7fbafdd6f16d8a29eb746dbdfae49dc2,144,35,415,1387,dresses
9d76a6609c22aaf47e964dd6d77b0c07,800,1103,751e362fcdfffc61ffdbe73cec5ac172,242,211,220,819,dresses
4dd1f9da55b7a87960419e88ca081786,800,1195,f334f82e8214a47af842209481375e2c,183,245,373,419,dresses
bc398f17e85cd20b609d03398eee7da9,800,1423,6f7d1c879e2784d62241cd71751f0b81,123,279,528,758,dresses
3d444a8aaa31841b2161b9d8b044057e,800,1423,3000054a7fc823935efb962cfcac83af,31,343,486,671,rompers
0356db1e51f9498c7f7d294ebb1dfd6f,800,1200,e213af7bb02737766203391ba5e2cd85,176,278,435,603,dresses
4d44bf833252fbec42842b0557626229,800,1423,040bbb422fab5f582369445b50acf7a0,150,338,389,1075,dresses
0ccba57d121cecd89784fbfc64c00522,800,1423,a9a5df1626aaad3cdbc49d859139b73b,259,299,266,688,dresses
75c84d8a789455f58c7f30abd7922366,800,800,618438a671d1f54cc4c16c870adf588f,400,166,195,458,dresses
7d084ee66e2ccb43033e5b75739fef0a,800,1420,19445a48093a99862313ca0c38493ead,306,473,293,880,dresses
db2bfe1a4692d073efb43410cbb8a5b6,800,1481,04674e438130c504d8127471749237c5,128,288,504,923,dresses
f8f701054fd1e1c7da5f4b754fb1d7f2,800,1423,c29540471f0eb3b76186576d9f1de9c7,250,656,216,433,dresses
bee5a9b38c63b53c7ac0bba8ce69d807,800,1067,e65a60429ae0496db45b7618dab7c66e,193,305,315,637,dresses
9030fa8c6acb4dbc3af1923ef85ba163,800,1423,f830b2943fac12ccaf58f15e6a854071,342,467,212,444,dresses
1150cc68924eac397c03391cef4a52f4,800,1422,ec55cc45ce67a9aa8da9f7c9ad954586,282,266,303,711,dresses
4e1abc3a7b8474c78cf7621f22c2d07b,800,1067,32b31b093ad1f5d15fab32899d0b98af,125,289,422,777,dresses
03f14730978c4044e0b3949a36e3e555,800,1423,1b54ccfe382b5179f3ccfd3c70afc2a8,398,448,259,548,dresses
4c5159c89312a76719be9b6875d91b7e,800,1423,e9e8b7453268985d5a05fc1d07ce2999,223,394,295,561,dresses
5e193e37c7a1cc639e0971938cd08a42,800,1067,f114ec11374c2a88ee47acf7f2b41d27,213,180,417,692,dresses
3493e44bec283441ba1e2369cb52ae3b,800,1422,28726afd16f54a9776cbd2b332598e62,209,283,475,660,dresses
8fbabcad908704698173f040c6c477d4,800,1067,46eedb346a83d29315b805ec4eda6505,263,230,263,766,dresses
e10454ea8b8a9b118ac70ccc48d5c590,800,1067,0cb1b5a57b4d7c4ab45aa9396745304b,297,200,237,741,dresses
9e0c43f58f24347a232398354c22ec6a,800,1423,793eb0c5a009b6cce457c18f8750e6d2,212,568,275,540,dresses
2a748ac99339e9e8b0958dc860214aa6,800,1420,e2cd8a81034caa710b7df699083cf290,232,285,423,544,rompers
af303c28dc50b74b910fb8d75bc84bbe,800,1423,88f36a9f6fce91d22a481574a6792f02,177,254,410,544,rompers
1d92abd48692d0ea0262a69d0f295e66,800,1067,8315922997771bbfc25079baeb7e19a3,337,238,238,510,dresses
24cf7b7e84c638e0539b9de8fff28e38,800,1423,b0a920d76cc8d59727662dcc639f751b,163,0,573,940,dresses
125ba8eb502fc66866a1310cd2fdde28,800,1422,0815fac17944512b39123c8f15ab2257,0,428,683,686,dresses
7a0aa1097d9f66c2748b7031ecc80127,800,1420,3810c9fdc09e9a11bcc4d3ca947b9202,260,557,203,563,dresses
062739621f1126d503b8596697acbce7,800,800,69053492d4dcd2f92099988f0454944d,301,15,168,479,dresses
488b271ae70ac628861ac26aea6aba72,800,1423,7673c21fa186b78b9695d88b920e07db,272,322,246,741,dresses
1ab0ca5f736544ba302b2c4fece47e88,800,1423,5a18b2400f44ea11791eb19c94864c5a,64,266,323,1024,dresses
12a63072c6056014a22e6b6c5b000ed4,800,1067,e7c6ed4b49d36eae660c501f9d20d56d,217,223,315,843,dresses
ecca284356f7b4126a22daa0595de53a,800,909,48a0fd6908a0224671a199e2df7310cd,287,167,218,422,dresses
942e1e1e18249d4fb7df1666dfe2986a,800,1067,7227f977dc86cf9d3e78fa4d2e15c849,302,313,188,374,dresses
d7b69d45b4b76e6f33fb46cb25a610d8,800,1106,8a6994448cf58e4d1959a1b298d65d11,224,384,206,383,dresses
212babd2b328f64b2d232d32d9dd9f28,800,1067,55ad0ff1f995bafed25aac3caa8791bc,223,250,285,563,dresses
508fa5ce9ba6a23c72cc5a093ecf4eca,800,1067,2149a4544df7aa6bb2681f0678a7b9f2,268,331,265,676,dresses
8496750f6a72ff7c4794625c90aa8c3d,800,1066,d8363fee2b4f49cc64fa9ca0a52328f1,278,290,178,426,dresses
bde751714544ef8dbbf130578c08798b,800,1067,5edcd1099e427b2b4871f4a77275d92e,217,349,274,717,dresses
89bb9727871a2c08671038b93e690468,800,1066,bd10a655fa474a1a36814c25c3ced422,274,243,181,438,dresses
b2afb371655f23e4af82c09dc12f30df,800,1066,4d5d9887144ddae776a1a4bb2b52c8c4,293,243,189,485,dresses
2429fb010289566c672f09365a675645,800,1067,9f6a956e34e3cdcc3ddb00f5c8d3112e,281,432,181,367,dresses
3bfd136acb0069802b9c1ed1ca447fc8,800,1422,37e48a95fb97fba6e085c2fb4f721771,1,323,440,755,dresses
0ae9953b8e116ca9f1eac8d14628753d,800,1067,457f1bb2540411068a027fb02e75b85d,288,191,233,611,dresses
49cf600b3f0ab02aed5cc32cb024b520,800,1420,eb782f21b3e6cfa6d49974448dad3010,253,277,484,666,rompers
71d653f5881057a7fa5c2596c4df1294,800,1200,2ebbdb0ecaaa3552b540dbf94355f873,267,291,391,506,rompers
b4f2a34e14216e982a929f1484ab05f3,800,1120,8b5b3f83b0bbee603044833656b93712,335,281,275,513,dresses
49d10fa8245fd7833203f26ffe347085,800,1067,cfcc9719ece99def8e583f94b3cb404d,271,220,235,511,dresses
40f5fb48ee60f19f0fd80ed93ec2ad11,800,1419,275931d20218a0c9e2d08110930c3486,223,353,319,1034,dresses
27d527706243daf2307bde5e3da14e81,800,1067,56c7de5623404deab343bcac6c326401,288,282,319,546,dresses
bccf83aa03b6489fa1217be5fc75a271,800,1422,59e2b2ce799f9b15fa264c0261dc9681,132,352,405,639,dresses
f747963729a5bb219ccfe9c9e662a621,800,1474,ca69bd36f8820ba107a01ab45c733567,181,294,381,947,dresses
8d203afb8cb248d84645b1d02e253fa7,800,1067,d676cfdabc1e6f52460c2dd781e33a9e,219,260,270,661,dresses
cdfc36e2dc7c6cface44c2b63e55101b,800,800,84e9ec1aed4c82ccc666a4a98d39496f,363,307,190,367,dresses
659fb93cd108c153f3da0185132eb327,800,1066,1d5e53ac25af0b5737ecbb99002093c4,194,245,179,409,dresses
dd11dd99c4066246ecba9f8429e107af,800,1067,faa3da81c53e30388aa4f2cc6c3fd8a9,283,321,217,589,jumpsuits
06ef5ca2f2bed7fc05f3dc0884f39bcb,800,1141,7f2a653b494f8f40748a7fd4cb2acb74,308,263,265,854,jumpsuits
a6e2f271aacf6c967c2dce4a4f280769,800,1420,cb2990187906e9b8ac2b9ca3aa66482b,143,281,560,648,dresses
bfd68f848ed685bfe24d9daa56fa86c6,800,1422,c98d795de1dd9dbb363808667e0e1ba0,252,435,264,463,dresses
bf49ae55df7689ccded4e20b66d46117,800,1454,48e6134f97328a6fb62ba9275dcd62a3,380,391,249,517,dresses
1aeaf3088174cced971fc23723b48c09,800,1067,7f47e95c9619c8d2f768852e9eecae13,298,248,281,384,dresses
06fd408bad6aef55bcf836ff55d59f95,800,1064,704f4b0067c9042856087e0ca6d24b5b,272,267,229,742,dresses
3589337509b96bc4c0daf4ffe3abfacd,800,1066,083ba919323fbce9df31241e74f8bb29,266,234,347,555,dresses
b47f3b223dbb05ca44f9a749123466fb,800,1422,7ada4cecefb84a83b9fe801034460554,278,417,311,427,dresses
ae312494af64fceb52d09c00a694ebd6,800,1423,276286a70a4e39b39b53f3371d85376f,91,486,401,759,dresses
f44fee2cd68715256d764f1bd04ec453,800,1423,8d561a66100f8268d8cd81c3e0c1eb16,185,366,427,991,dresses
4aca88c688670819af97ea5c18da0f00,800,1423,a965146ba7c2b1c396c952ba05ef8fef,269,334,239,645,dresses
ba55f5c08792635656377d8110f28a37,800,1423,b91287c9a2c6583a986aa8e903ed4494,296,422,243,607,dresses
bed9fcbbfeeca4c1941f1d4a2c7ca67a,800,1067,df4061377e174c7c154894b3e2cb03b3,202,172,415,710,dresses
9c35760439b658b6a0161a971bbf0d41,800,1422,1c78d5c9a5382ef78417e3d6bcdb4bbd,261,377,330,533,dresses
e1cd6d58ade61212ae850167084b1adf,800,1067,823e8b7d227b21193f4bebc227a92e81,262,295,263,730,jumpsuits
6284df6bafeaa0266fa378ec888c0cb5,800,1423,e1da848d354ecf440078262c294a116c,285,533,261,553,dresses
775ca81a8ce966e74eedbca0d4e265e0,800,1077,45375fe46c9229ce9e8e209bf8bbf63f,249,241,243,562,dresses
3a8fbfa1c2aab7edcb76e8acec9898aa,800,1423,a9d515d3f18d9129393d5960df60bc25,253,366,261,506,dresses
dadc87dadce43225dae780beb35159ef,800,800,c6f7d6a54b381e18f6d08c3d96c8f6c8,338,213,190,533,dresses
8769486df9f92e4dacedee5ec7d27474,800,1200,4c2536e6b5eb20458a82bd6caac89d32,52,338,551,752,dresses
27ef21a67779814b54e70963f9d6e346,800,1200,9566dc9641b8f021421f4427232a6636,271,357,240,642,dresses
3aa7023109227543ba4ca65209289f5d,800,1422,a717a46d881cb2b7aefed0e0fe8e046f,142,0,598,915,dresses
a7fb7c5370558c8d826a2602c5d605d9,800,1067,5a275b68ff2129377d758dee1158394d,250,220,227,541,dresses
03b14c9c8babac9b0c0f25e85d5ea876,800,1422,2f9990392fc570702743211b1f923f8f,220,372,320,917,dresses
913e1bebd6d73372a680650a5dd60a82,800,1423,cb4d88b35d786cb482c89b488aba1dac,250,286,292,822,dresses
44303ccb48282cead4259dc750bd4d2a,800,1067,22f2bd26601acc78ca20f460524f32b1,296,273,186,503,dresses
5be80a36db221c1f657d0d07efac9d85,800,1067,bc2ab2547c4d4cffe52e997320ac8da4,280,241,214,472,dresses
df505fd67aeb8ee36c555856e1019b3e,800,1066,2a7701743d04dbda3b2d73e614d469fd,290,216,343,486,dresses
d930944746be67bd08e0ba1de5b05330,800,1067,90389aeb060bfd3d7a8f5f23c73e69ae,265,288,252,670,dresses
b7cae8afd8d9e924cd3ffaea94100c4b,800,1067,1ac6b01111cf430a92d6abab59167ecb,154,406,143,551,dresses
73b64d9693c1a7f0d25cd37aa8b9916c,800,1420,7d461108c57d415c053b86e79deb03b0,165,314,482,701,dresses
c0961c0e749c1d71cb5e1bc75244e47a,800,1067,6f66eac13479e8f5455747477ee862a6,156,438,221,331,dresses
631efecddbcccbead7a01e1f88f2f414,800,1382,0721fdd6a29910a5889ba4f40b03857c,277,274,312,613,dresses
44150616e4bc03ae255fa805e1355df9,800,1067,afee9e93738ff367ad1b2767eddeacfc,301,242,215,761,dresses
98ea205d596d37deeec14fb2b4df001d,800,1423,bddb7dd9fe6750f2754bcd426fc86ba1,226,214,302,664,dresses
a8e9eb844cc8cc2a0c45b873e8c6c942,800,1420,c51849351effa056a0e1891d68d67707,218,462,293,708,dresses
5bc6a20f16fa0936a393500874fe88fa,800,1067,7695798896490ff7fd8537c9a2500a9b,268,249,283,503,dresses
d5cd22ebcfb98f966818333bf7d787ce,800,1067,39b38d010606149de7ac87543aae3d25,223,302,247,414,dresses
083bdb600d8f0dd99e029d071c6ff8ab,800,1423,830f5e2c62219d744e72da14968debf3,211,320,395,955,dresses
706a2ccf0ec32612605883822faa2d50,800,1067,b5050a8c41a728f1781572c8b9a96b6d,431,374,280,578,dresses
688ef302013e40d19c3c46d2cf86803c,800,1422,4b625cb985bbb93f5cd39f0603fc8891,376,629,247,687,dresses
4de666da17bfb468364066055021ba9e,800,1422,b24c9eebbe9e6ef21a41bd8e2b722576,208,247,236,965,jumpsuits
ace5f85777339e63aad0ed8e4b2a70a3,800,1422,065f761295540781bdccf14acbb24999,198,339,342,581,dresses
89e7c12388daef70dcd149becf82f32a,800,1420,bb55ffb0c8d01e804952ea5f28b0f302,212,319,355,592,dresses
b94fbedcbd8ddb36ff3b128d9a50b946,800,1067,17a0ff41e5bdf244193a9e350b23994f,276,242,212,498,dresses
c8cae693a839898a93b9acd979fecb9c,800,1423,b983ed59bb660935fce8cef7ee2fd4c9,216,535,355,554,dresses
c54c4f3d6f44bbc560d6d0502ad51a8a,800,875,00cd86dd614ca2937e63d8e68be3ffaf,302,129,190,542,dresses
cb9cbc6f28cc49a17cdd46b945307b6e,800,1067,e05379d870338b27b9ada39884cea665,293,195,285,643,dresses
3a7604ff3b12e97d3e4d93a9d416688a,800,1067,73675eddbf68e87e315a8823f2c7aae3,224,277,322,445,dresses
15ef5b6aa17ae8100dd7e8723e571afa,800,1422,f2efbb1eb6eaf0b32a86c86e7e568977,217,674,263,440,dresses
18317b4de86cb9b94cc8436ca1825c44,800,1420,5ed6c38a147c601527f78bea180e4d05,140,281,599,757,dresses
a203473b6af665dbca90160b6be1c082,800,1139,bb7cf7c642d936f394bc43c7ff160f5e,348,213,264,605,dresses
140d073c3b67eefb6765609bd4db2105,800,1067,f586ba71f144e58fbc12fbeb198da69b,132,216,407,591,dresses
e1fd7be66ba04d00f47577aaf04a9a75,800,1419,ccb40dbcde88872f8e88c6192e2fad8c,249,281,330,1137,dresses
ee679bdd905f36285a71422d244736f4,800,1067,8a1b766ea86f70da723d3f16876ea28e,286,258,275,670,dresses
f1776aea7b05871b051095125c7101d2,800,1204,372ece33704750bcc1280a8262f6ae38,244,323,252,818,dresses
a52909601b4ecd408b151020f5e2d212,800,1554,f7b689da29b9e8c73393cd55019134ef,92,356,621,627,rompers
186d549705a72d623d2e895e6ada1c4b,800,1067,80f661deeaf5eb420859a1f876964f0c,36,313,667,561,dresses
1dbcf99d82aa12927efce62f932ed5ff,800,1420,ac73f221824f37cbe966a1812dfc4211,182,427,269,827,dresses
4c531ba9931757555382cd3089b959f8,800,1423,9f543ee72e48d1ae0164e257aedb1904,252,331,306,767,dresses
5c1f725a02612b99d7085e7b9ed89296,800,1067,6a842981905338d3968588a6e358c712,203,237,323,497,dresses
70d3c72e2135f6b336bdc81f900ba0a2,800,1067,502d850db5046a3e587093d6de589b7c,285,297,284,383,dresses
a8a2c470c85361c27a97813d6bec467c,800,1423,0fa9317573f2cbfa80419d6dfbb426d3,181,326,562,1081,dresses
8c63682c94b7e3b55841deac60bf89c0,800,1422,f40997096e572cae0345fef8f5e6fe51,195,62,476,1223,dresses
357190e31eac2da04337cf3e4e34bd14,800,1422,a89e1284716a32f5bc296531381ed81e,241,387,353,441,dresses
26633e3a3be01337f69e4b947bee19fa,800,1423,e07d7f321d6262ef57489a0493903109,83,285,404,719,dresses
cb43cf3b3f2063c7a4eca775ace85548,800,1067,c3de8a8c96555fe92a71160713ec94d2,154,491,283,475,dresses
ade591bce25d4c1b25ecefb86989d9eb,800,1067,fbfa1a788ea05de4340988ab324ad75d,263,257,262,754,dresses
3dd3d884d3539b5b40863cf79be9063d,800,1067,33eff17b8cbd8db8277d89a8f42b7ed2,167,338,197,619,dresses
b877f0025234125368d65349b030ad36,800,1420,2b50aebf9820e8ac82f314b3960e9985,306,396,207,572,dresses
defafa9195b6d94a34b35e907f96dfa2,800,1422,19f54f10f1a1386a16f0d881fae18a4c,224,392,293,490,rompers
0625d55a77a938cee2a379d9771feb47,800,1423,2dacb17cf24fb79560d905159ab3361d,32,262,431,694,dresses
a1bdc3a0a57326ebb159194222792ef7,800,824,21238c99c92e827d4596df93d73ec45d,220,1,370,758,dresses
3595bc932a8f02598ab5ee0343294e48,800,1423,603d3c9af6815c2ada733de0d0588def,172,270,410,900,dresses
8df23012fd3fcfc47588ed91c85ab505,800,1000,bbd1cf57e196dc95d4882f64db36fab9,281,206,227,442,dresses
bfb5cba2b1d8372c2812b766e5684685,800,1067,a4a66c0ee75e0af070b0655153e219d1,320,337,176,459,dresses
89d32a43bd28c63d3d9b8023dd3c0b9f,800,912,38e65d3750bb53282ac8bb36aa03acdc,212,2,358,829,dresses
a5de108be650107b11450e3e235302df,800,1423,94c53baf85d02334c752ee990e832517,299,286,289,653,dresses
f433104b9f0b66b9c53d38678ba547bc,800,1067,060899e3c925ff0d9ee96cd8475c9e79,290,213,249,532,dresses
d0739db8134db7d0ac32065c60924132,800,1420,2eebb89194970b54b78fa31d0232a773,223,307,376,681,dresses
38984b0920f172875fa00362df610525,800,1197,c7dd4d4e9fbadf17e9f6d1788ef538bd,215,293,305,871,dresses
fef11d19bb2acbe314a6ae8132ba11db,800,1423,2d78c71fbaa0cf84245ea363f9801572,211,315,341,691,dresses
cf110dc6951acc3b44582948807450d1,800,1066,7a70511970adba1e6338d47acc60bfbe,263,440,217,465,dresses
6d5227f9ee8bbc8a853d262103aa5dfc,800,800,442904c8991e860e8ff67db1ca4f1ed0,454,350,94,353,jumpsuits
344e8e291a4e8109400bd61be6342d97,800,1066,b81c3f5ffd3f7460da9604b70998f963,341,280,192,414,dresses
aebcc067d551ac3e619ae4a60ad60b2d,800,1420,7db351c5d7d52fbf018a2f2d4528b56b,272,300,250,477,dresses
8adb7f7e32abc43c1b5684053f0c36af,800,1201,4e9f0a0ee868510ed4b2c6d2cd9f4218,209,349,320,551,dresses
45b9d11956c515c0bc499e44e9ccaa04,800,1067,9ab1ce4c64b53b62656acba669e17b2f,172,245,301,630,dresses
c6aa0bea74c06dab61773f1fabd599e1,800,800,5e10bb2645ed8271dd782d41af98f617,291,175,193,411,dresses
049fcff6fc9e3ecdb9de7f60ed43ec35,800,1207,37236b3563e7970458252119a79bef6a,270,361,214,460,dresses
9e7a466371f26b40adfb872e8dbe6f79,800,1067,5d37303fd3b4ecb095ae8c65389fd863,269,222,223,551,dresses
be8054ec06009da055f89491590c97f1,800,1422,3d8d183362451eefab338fc1f14dbac9,241,330,310,576,dresses
c391878c9894ca175ef02fe88ced636e,800,1320,3881aa4400b8f23d52d21a9ea1641888,398,337,190,804,dresses
8d32a6925ae4a44f3a302083cf07eb5b,800,1422,fe535538d40e62207722d76a4bafb788,295,296,312,765,dresses
dfeb87362281561f8068ed15d66eb5fe,800,1422,5ac90221ece351d7988f47c9aca357af,277,478,232,843,dresses
2872bde244fb87dbebb0f1e97a1c3d0d,800,1422,4209a2c6e89812cb63fcad2c04f4b4a1,175,332,427,1087,dresses
9493894da5f957b931d0e2f679d205a9,800,1423,a75c38c9df0fa06bab10445fe509e051,105,382,599,798,dresses
79fca571afd509b01597e5f1585f5b9d,800,1423,edf9e1627e72c9fb44a4e57ee9560f01,155,230,389,798,dresses
85e366e47b2b450f254840fde14717d2,800,1067,23057bf2ef030bfdc32517894055259c,275,282,277,595,dresses
9782197018ab46f8b71c5ae55b66834e,800,1423,0eb2f904b7817f27cfd0a90ab11d2026,215,274,316,680,dresses
8cd09556036fec5008e1606be6ed3a69,800,1066,4a0602c9768db055dc08a7ba4d51fa12,202,190,293,875,dresses
feaa1705b21094550b36af6e42ade527,800,1423,c08465ca995c9ca31c8d59058b0a2da3,244,403,266,1019,dresses
53b2d710bf498e0c135b4dd46ee59724,800,1067,747c55a324992e9246649c935e1840ae,201,60,254,527,dresses
158fdb9232f49ea68d31a1af0fe8554c,800,1067,b25a59ef2ad6cc3fd7a51401f4066a64,288,235,204,526,dresses
4d0af10095d64c28b1e5f07041be313d,800,1423,cf7e2118f7d54a1d4c5d302fd28d7594,191,58,272,705,dresses
94b6ad896509b6122eb4d8b80727bfca,800,1067,e4652ce6b47c0a5ddd3430a47560193e,251,251,267,736,dresses
4a77f5079a3b5eb94315c5c7ea06e468,800,800,8afcc0b2364540cbb3ba0023608c21eb,293,139,208,660,dresses
b17497b4b23ca9ad941b1be664b4e5a4,800,800,2b43fcc224c9378f795d730259eeb4de,348,337,99,241,dresses
500c8b34f78dc71978315f928ab6f64f,800,1423,f4faac900b332b871fadfb0b63138d6b,238,259,370,719,dresses
26239961eea351f44402f0cf916be290,800,1420,14003bb5541f0ae5e133f09632cb49da,192,477,397,563,dresses
41535e8239f1f8c28f1b4bc1029787be,800,1422,3808a5ff1ff2d03e447440f2b7ad0d6a,289,367,370,621,dresses
ccc4266d91c2a7889b8798b5479f60a3,800,1067,b6cc1eff3a7cae9acb09f1f3b774e490,201,193,400,630,dresses
9bebc22fe354b45304d352390f31a2e0,800,1420,703c74f254d60c7ecd60762da845207f,194,340,406,715,dresses
6b95d03825671974dad0ad425ea0b13d,800,1423,d4edd69f89813bd6e2a7eac5de1f6108,194,220,345,996,dresses
dbbd53f2b6a780fbb58a01df2d3afba2,800,1067,23732308ad182a9ab974f9d4cc146a6a,237,202,345,617,dresses
aee2ea6d9749ab9b697e3c1bed10d818,800,1420,fae476c66d974dc357012f1a69c2c7c7,102,59,589,1001,dresses
1cf2dd08bde161e925a584da0c871c22,800,1200,e9a2adcee6f8defe15c7cd9536dee892,204,457,250,481,dresses
f35ca9c6767002e6684a4df6889b97ce,800,1423,fbad70610b924e35cd933aa27253d890,272,267,345,698,dresses
262348a1ca278c26858bacde9be3a8af,800,1420,ef89523819c07d49b3a6bb4a7b7c8b59,253,292,276,820,dresses
3c936d0965e52126e04794f2957b02b3,800,1067,484685bc19492637bfff080519060ba1,286,228,247,520,dresses
e70909c98c8bbe920015f7a596c9298e,800,1066,a83c02b01b21f2278acf8c58fa2119f7,293,406,228,406,dresses
e256003118d6a362941856c4554bc1c3,800,1067,f68b18317c62f54c62436f5d26bb6215,287,282,269,466,dresses
3725ea720525c9e75f2dd0d6403160d2,800,1420,e331af96297d4cb2d5dce548e82489b0,86,290,415,723,dresses
f7872fa1c4ac2f61d63ac63e9c0343a3,800,1423,e175cf5b28963a842a6419e2adf8828d,219,352,258,1027,jumpsuits
dcccb3993665e45c6296df85e9281ef8,800,1420,e20a70b275386836f0981c05c4ceb64b,275,365,260,630,dresses
5f06728998adec39d50a8a5beea68520,800,1420,f647cca9d6e3d519f17eb3cd426353cd,119,263,444,720,dresses
98d9bb60bb3fc2dada66d670f7681298,800,1423,eee1c2d9b3ece5ffae65ff10b3f5b8bd,206,419,367,860,jumpsuits
1933029473d7819082c7ec3f032a5a7d,800,1423,c0a26b8eb57aa367fabde97db6d05042,218,212,329,679,dresses
a705fa7cc918e732928828de4c47ad64,800,1207,3d4239d9aea9979d50053589e50899b7,307,216,278,932,dresses
295e69c936ab25336a50e855e533b3fa,800,1067,beab861efd6ec8bf7354ad15bdf78e59,255,369,201,310,dresses
4057fbc930042ec1ba17731e8946b344,800,1370,8595a76f9ffd53f826d1446faa29cfb1,157,320,522,805,dresses
6085497caba1632d88f6dc8db4295829,800,1419,dd30150fb2546ea0b44a446e944e9c62,229,423,302,961,dresses
7998076ddccd28176e6f1f6809861bdb,800,1698,9739d7ee213af781439081d639430684,342,427,360,731,dresses
871a39c8610bc7aeb06791a32eba6415,800,1067,783261274eb557bebc0c7f39870d2614,306,346,190,541,dresses
94b476ca364b1e64f3a8a901211ae4d9,800,1419,7fbc8df3a9d5beff0c6b4bd25919011c,285,489,233,442,dresses
8bc383c6f5ff280defa3534ac0b2a263,800,1423,88d01aef0ee0faa3b61b058de3425fde,86,8,687,1042,dresses
6586e904c6a8ea89332112947a6e4da4,800,1067,e3929fa104a443420a17e3b2d6a240aa,302,294,225,606,dresses
1ab1954a1f0ebe33bdfacf3fa1a2e83f,800,1067,397205067422523a3d5a5da5bbe2c2cc,195,267,395,648,dresses
4214f6673d7a10d3123cd9111a2ee758,800,1422,3e415f7ac7745852122b1beddff2bfba,211,317,331,1024,dresses
8998062b3932675a90b7e72a424b05e6,800,1067,f290c9bff253111a9586240b4283393f,259,266,206,734,dresses
03acef4965c1533b10d40d69c145e2b5,800,1200,6faa0e637754df67ecd303f99c3e5519,334,437,161,295,dresses
48c29b55a9f783db7ccc14726df9bcca,800,1423,75b9886a09d3bc1ff4d70237d3588106,185,251,387,667,dresses
cf8e817d3ecd07d99aa8d3642e2bbe37,800,1067,6cb00c4ffc94ce4385e652ef3b6f1fd4,226,256,417,520,dresses
0e4b9202322cc8f352afc52405c35590,800,1423,e728812cccd7ce2df531cf6064d1ef79,61,298,454,778,dresses
57febc63159468464e44a6cbc9944bb8,800,1067,0cf9a12bc3376df7c1aba1ef1ba806ea,255,259,312,563,dresses
f3a35c116076ebc9f67ff3a344cc6742,800,1200,b7fe9ca3cd53dde6f52f3df12894c72a,269,341,366,597,dresses
d1e7d75212b0fce8ab60ef2dfc53c0d8,800,1066,40eeff2a871a6ab743c6510a8d525653,127,415,240,394,dresses
ebceaf707f5bfa26c2454b2cda9368dc,800,1067,649a4ae5eb718129e7bcc66e7ad25834,184,234,343,404,dresses
50b6f7f98653920c7591c211b2fc49ae,800,1067,3e0fff665a16d2927ca221e0be5e6bc2,293,235,210,480,dresses
2c7533eaed4af0879633a6eaa5a88c02,800,1066,99e4563ed73f9c0e829db0fad0af51f6,266,284,312,618,dresses
ea5029942b9df819a8d3d7368997cd45,800,1066,d66872b584a759c4cfbb06261a5088c1,259,374,406,586,dresses
91b396770ca3d598973ef41548992cb4,800,1314,de3a1e8d387a5743f17db8caba1e9b64,212,290,330,666,dresses
148d62693e74c59d6c0f45a84620a9e7,800,1067,849241ee7c8416b5c6a58d2d2ebd232d,319,261,272,578,dresses
153378a0720c727305f6bfc41fa4e25d,800,1067,653a4d77b6ec5eac24b11c43c11bd156,258,283,333,455,dresses
3b8d2761348e3fde5f9f170f80505928,800,1420,8f1db35a1a96b9bde230e13d633e2101,288,538,341,692,jumpsuits
fa63b0ddbc5168afd102eb9941ed4eb0,800,1200,5119eb21f93f6359cbec889087194b3e,139,377,266,729,jumpsuits
6763dae9acf71c7631bab1f4e978ad19,800,1423,d0c31eaae5772a5921566883cc7dd837,201,345,324,704,dresses
59d4fc8478df56e09e25469c08026e58,800,1420,f0f403302994939bb63c155168aa7ee9,201,41,449,516,coats_jackets
197351de684561466b8888441bd7ac11,800,1338,3a891081899c99b057c12e4cef81f974,220,301,383,1036,dresses
00e04acb8bc6d6ddd2649c297f712c4b,800,1423,850b28f78e6a002a4b8feabd8578649e,250,248,432,595,dresses
0b50bffbe52b8238b3f791489af939f4,800,1423,008694f10dec0ac63a2b0873a16df20b,38,286,761,974,dresses
4fdf6a7628eb7b9be101969a00d0db54,800,1420,246d24b00214210ad73de53f0c9393c3,0,23,688,927,blouses
7d34a06ed6c61d7031e4590a5d51c16e,800,1384,d22779291f05f47fa872f5c81537f52c,128,669,146,304,dresses
945e3124440ef5ccfe21e0d22807cc90,800,1422,a13bbb60baa91b9db14983391eed01e5,205,441,305,314,rompers
2ad6c39e1d179cca5f2b7c8351a9a917,800,1067,2c92bf0310bfd9486713aa78986b3003,285,406,261,494,dresses
ffe50eacd702557d43773b29b60fbbc2,800,1423,064a4718c000608671d2c1439bf4f688,99,298,327,907,dresses
6ccd7220a0b1965265a9bed842a394bf,800,1420,31b2857573f7910c5118ffc2850bc419,208,432,312,703,dresses
6f2e325fa1f6a333d5dbc209a85f9c7e,800,1423,2eb6c2c82d0d9a64d96511921736c974,307,509,202,709,dresses
9d84c873c2b3b7556e02553754d75d9b,800,1423,dbd10a0a57e0850f05ae42220cd6ea96,130,383,597,1039,dresses
e73734fc997c7962170ecb25fb313580,800,1423,6da73d57ab820b5898ec551fd4cbaa89,203,271,374,955,dresses
cde4f154c340da9a019b9985bdcf91c1,800,1067,b28bd4e86e4d24b1dcb880a20085dce9,211,300,325,723,dresses
8c8c5728754269e3285a21e3162bb4d5,800,1284,9631d23d30d46ee3708bd5cf9aed014c,261,304,265,764,dresses
b8e074ca1241084d7bd02db419b5833f,800,1067,1d684e36ed4f3a050d0f72c7bca41fd8,301,346,164,534,dresses
8a0cf7d9267396647ba1b2020e2c5184,800,1067,18ad8c9a798095142c8100a58fa8041d,232,272,253,542,jumpsuits
7e203556ca253715319fee10229988b6,800,1067,2128bea82f5c766e4955648b5294c5a5,295,370,189,486,dresses
737184450ffb7b751604d440c5c6bdab,800,1420,1acca85221d0cd951d302526e5fea437,249,241,280,622,dresses
590d2c2cce04cc59d98fde663b9bd0c3,800,1423,4a5a79a9a3124537af881a1834acceb0,272,415,236,477,dresses
2293aa038eb07de6a9eb461cdc9b52ac,800,1422,f72f1362d6225d29cae30e01dc811c36,191,493,430,891,dresses
c9c244bb2ab9cab2be72ff6804891915,800,1423,56f9817a30e35f554034648b796aaafe,222,290,362,1080,dresses
8ddbe0828342716accbad502d84fbfbf,800,1420,cf5589c6799198052ebdb11c10bee219,254,257,259,1022,dresses
932fa2f1811fd6a0e43142b2b87a2718,800,1423,252ef261200c6a1b606bc8fb272d7d55,229,491,383,662,dresses
eee49e1b460628e3ec6a5bf898ae3164,800,1420,83f5d03e2032fb9b72b271f22a698893,115,374,352,783,dresses
69e304c6a52bea07d6d6a833be655cd9,800,1423,195fdfcb9a18c73c903c85155322bfd7,231,483,285,779,dresses
c7d0be3892a080e18db0285641663cdd,800,1067,3e3b43dd801ea33c715e1bb3f3937a46,263,244,224,618,dresses
601bcb3df384e63010b2bb6caeba0ce9,800,1423,adc0882094277eedca8916b0b2fa2b59,266,430,230,445,dresses
6ef694800bc9e496db78cc3e46e2d502,800,1067,c68613141fe4ade71dad5137a65fbac3,269,307,288,711,dresses
6c5488aace86cc5e5c233284254decd3,800,1066,526e16d2d3a63744cf2bce399e445503,296,379,247,547,dresses
f5ac17bf389681c2b8a10901932add6b,800,1423,f96a5a0cc013932afc2e53782273e941,278,531,337,782,dresses
dd64c98b5547443cfec85571a543fd19,800,1423,5805ff9cb6d1ee2e07784216a46de065,123,332,325,989,dresses
ce988d3dcf3c81138aacc070197d6ff0,800,1067,100605e2ca4f86dce989a8bcad23e2d3,284,272,228,469,dresses
5b41d8b0a761ccc954920fe883665a51,800,1067,bf8fbc56f453eb67676bc8f397f6af81,269,256,215,460,dresses
e1dfd9327b0ac8a7aef45a6cd22c66eb,800,1420,a7132579bab1ce1efd24b96c246a5dbe,277,386,347,571,dresses
ead8de41c4fc278b2a9f37062dca6bb0,800,1420,b0bc8a115ca117bddfd3f36b68c13bdc,203,277,354,664,dresses
f44c34fae1f7476c53cf77b9853b28bd,800,1423,eb8dc49408ca9f0e9a531839bf930ddb,79,310,616,1071,dresses
8ec2209fe69a38417bbe9141e6494c68,800,1067,cb660ed165aa0c37f3234da739ce38bd,237,282,374,762,dresses
142181fc3b097fece58456648dc3f9ca,800,1423,1585124159c88919950d38e6b1600abf,89,286,530,1113,dresses
21415aa91ebcbe2d088c7a414f96a34d,800,1224,6ae3be28982221bab8c9b5ac58721945,286,242,227,634,dresses
69b7b78aeb448a9e467a77877b27815e,800,1420,07fde994876cf1b5c82e380f3ba219de,207,278,336,879,dresses
bf8b0f489c7cbe5d62c3b833dd25a05e,800,1067,0252e55c45ddab4b8978a67590f2e983,290,239,293,826,dresses
325b6d33b6ba18ecae0929f74655f4ea,800,1071,39096a1ef24c302d64a54069f65275bc,201,363,355,618,dresses
c0d015779a97384dce316758a81a1813,800,1067,24e272cab095fa749915f5905328b242,74,300,390,611,dresses
9013ce59492bd1ac35bcb4c0068a5f23,800,1420,fe504fd3179b4fd6888a9f27583872f2,196,233,386,783,dresses
3edf5f988dcac48980ad1a942467ff98,800,1423,c5e2c0301243478c73df990734d44d74,251,307,250,565,dresses
8b9f054ff513e21c7fdea57983fc3956,800,1067,7d98510575a75a11733e330a13751cab,173,227,312,800,dresses
a98b998505ffa937f87e2c30acfcc182,800,960,e831d9347171b9dcca04e91ffba3b580,252,192,221,424,dresses
dd639fdb6796f9770589817929e18120,800,1423,e38551ec1ce4a4b92ee3b7216131936e,245,501,323,771,dresses
171b5bf61aa0ab27a02c24e6e7bb8b59,800,1067,453df5113e62b3e8b761558943f7d38e,227,266,299,729,dresses
f50f2ecc186c47f5e272c36902b09284,800,1502,dc638a301e7a7f98eb85ec46195743e3,80,283,515,631,dresses
62737789ce28fa82f2963b9aa0ff3ffd,800,1423,035068fc2ead0d680edd506b7e53e763,245,363,268,620,dresses
0764a43c286e23bfa3329517b0f1c712,800,1423,aba98ec761e380d14573890aaded5eac,0,87,643,1302,dresses
a368036681227a66bb34e5ffe0a1dde3,800,1066,5ef36bc238a0ea1a72430face23b62d9,254,204,259,592,dresses
b71699ee7cca13c248a14dce8ff41fce,800,1419,e71b02302b9681e908a395452b5d9665,206,282,323,610,dresses
e05021346979e2e04ea9c9b5ca3bb846,800,1067,05008b81401b93cff6310c526deeac9c,157,195,343,621,dresses
bbabcd266f4caec818ca1663aa972f63,800,1067,65817452ab971834dbf19d6ced368d72,252,295,317,577,dresses
500d23e29de505441ab4f9bbac66ae4e,800,1067,c11b0d483d5cdcfb0c361a4847c30895,243,180,279,496,dresses
719b0fa6304488756fddf90f4692cca2,800,1422,4a0f247c41865f82f2469352fa127ff7,209,422,518,638,rompers
d12b70dcd7b669eae49e3f88edefcf54,800,1067,6a836ff550677cd1ed415b51414186bb,200,262,279,518,dresses
59ad9050b1e6f6a8a4f8aabb91ec9ee4,800,1420,3a96281a7f2d8c437ddd63ba102ffc1c,260,510,228,457,dresses
18fea38c18ba5935e68e5f171a3df876,800,1067,d0ecd6a4dee1f1524bb70a2145fb2941,295,257,222,465,dresses
be16ede25cf0b6df2291627ccfe4757e,800,1423,d4f18846e8db071824e26b0b03fc3a83,248,129,347,1222,dresses
28ec365faaea203c24635d2b05b65106,800,1067,9605a45a295c0d1a5af353ad1389556c,210,297,392,769,dresses
af160834f8e73ec8f3a8380da0e1c4bd,800,1067,2d9ff2d10bdf91a4b0a855321b568111,293,299,252,399,dresses
8cccf8686bcc0e55a7dbfba2e3e8b37c,800,1423,c2c5293b9bbf46f08efc47435c181553,244,380,285,635,dresses
e5d3a8b0a72d7215783a09dbd6ebe85c,800,1047,5a09f588a6adcbdaf92cd85c44a21766,281,308,227,436,dresses
b126a4185a9ecbe0f67cabd427ef542e,800,1067,fe5c18e35c3b87c87777eca73199d51e,231,234,340,527,dresses
60a7aab5fd2b8ddd6ea71dd142652b3b,800,1423,719081be3dc6b6db8b514e12a101a37c,265,306,384,697,dresses
159b3b1c4de8b9c5dc1c6336b1f0d6ca,800,1200,eaa8e54440683335d82b60c88f909f6d,315,387,212,520,dresses
7e12a41ada16db0343ab549aa35614f9,800,1476,a817462dcdb9f4aead55e9ffc2c975ad,175,367,324,772,dresses
e171a33c8c8dd9c3e95595a1b79cfe90,800,1423,442ff3ed9eb4a5ae1dd99be14815f372,226,374,284,778,dresses
46bc841cb2acb41717e05c117ca828b4,800,1087,fc4b2d01150f8ead08d9b3f1313926c7,252,238,252,771,dresses
a52d7c26ae9aa6dbf19b14f0db826cb0,800,1066,5545f1c7e860b65a198d24b2564af8f4,276,342,209,723,dresses
a57e1cc9f9bd002bf96c8f395a7df862,800,1068,325e9deadf39a3da84c54a4740c3becc,290,435,204,632,dresses
bb211bcafae026343d1f61a27e565fd9,800,1067,916604137a2e2d20125f81cce8ab5196,293,249,228,439,dresses
04f825f9e5b0347d0af5dae05d9d5964,800,1067,de9b4a9fe46d31c6f00534638ce46191,312,290,139,286,dresses
7630ebeed556711000b26db0a249ed3a,800,1014,28731e200c09c8ad5bbc4112dd732b38,295,202,242,581,dresses
bb6873973c8ede9b0b8c06427442288a,800,1422,5c47658b004d4716eb410e55c6f12273,5,326,738,894,dresses
093efb9895c2e203b7083ce7c547b36f,800,1423,8be162fd22587820044b2e4b6de8874a,215,278,337,562,rompers
dc31f13b5c7b3f1062d6566dd6b76ec0,800,1423,8fef4900571884aa0f5dd48f978e515c,217,286,341,1039,dresses
d8aef009f1e46f0709126b929dbfea9b,800,1200,8c76fa74abc2bb946ad0628ce4a05a5b,356,293,287,435,dresses
322919257a8a91afc5002c6d3154d2bc,800,1067,3fbfb6489f32da53932fe168696cb500,214,453,164,301,dresses
731655774883648cbba3d9f8b6191473,800,1067,d3e28dbe6f9e83b33341909d640c648b,309,351,188,487,dresses
303b1d3b4618fb5f709806711c2600b8,800,1057,0d6495e2194c06888c79c98cf5eb62ff,304,445,183,382,dresses
ef234b15d594e6d7d8ae8d361e1a0c33,800,1067,543bc432322de6b40b68589871f41c34,171,9,458,1017,dresses
14ffe48370ef67771b4679ed4d4f5278,800,1420,319254c21f5a11405e360cb97616c35c,144,393,430,1026,dresses
20662d4df43bfb49997d42cc910c9c15,800,1423,83a873c70bde53a8f8e7f9f169c9f750,245,252,328,961,dresses
87ffa33037ed71acbad3a0ec5cdcdcad,800,1423,f0144f18cddb87561e3d669be68de7b1,206,485,388,883,dresses
14bcd75927f5e5c827e7fda0399a4c72,800,1423,8c369f3d4ea64118f9748931ad9f3270,238,351,479,558,dresses
ba3e349c7f008fb1660e826b3ea48f25,800,1423,431618c63076f8aaf4a8a4baaaaab957,211,86,359,617,dresses
f0c7cc745cf73438ad269d9561925f9c,800,1067,9e87aac437f10e55a26eed78093eaba2,268,209,271,504,dresses
36c80c1253acc6d79413489f326ea2bf,800,1316,1594cec4ad01461aeb3128f71c76ce8e,221,260,282,795,dresses
c0dfa86c575011d04e2ffdf2c21066a6,800,1128,9d6d31f0f549b0045f038f6daeb6dd58,258,389,206,700,jumpsuits
3e06a5bc0c4ebb61360ee4baf4516566,800,1067,531f03b3698d42141b08f155d719f0a3,278,216,302,790,dresses
e3499ccd4749dfe9e11d9090b322afd0,800,1419,5bb07d3f47ed50c6d9675e99f79ce68b,209,377,261,700,dresses
f989bc1a88a6baf55d5c77602714f959,800,1422,2005d688d184db1d7b4bf89d78913082,145,107,565,1314,dresses
9ca62c8a618edea57a73559a302b01fb,800,1422,f5b4a6e7f5969f04bd18361017eaf88e,169,225,416,682,dresses
9e2e6ba716d69f1ae83c71c438cf291d,800,1423,6bf155ad68f19c9472b974fb4393d85d,293,63,279,1124,dresses
8724bd8ed813372bad8c6861f147bdb7,800,1066,7435af7ddcc3965e5b5d4d4d84485011,312,286,236,441,dresses
5789413d33167726b5d9c548569311a1,800,1066,1a7cd791672d0a0232f8e3f79e07c8d3,286,301,179,652,dresses
76a01878de395924f1bd1b22803f171d,800,1066,6daf43eae4df3450b5561b2fc9fb4e05,243,239,293,535,dresses
5a215e0cfe4414d66cb1d2e1926f71f3,800,1067,23dd5d7d08ea9ae761a0b1b5deff5407,232,231,319,632,dresses
7b053298e0fb59af70a064886cbeb7d1,800,800,ee2fc77fe05016624803ce9e739e723b,292,164,210,590,dresses
ff6866e76130bf6042a4053e6d6e5487,800,1067,a3b55c7bafc0744ec429a6fdd08eb273,278,304,263,436,dresses
668286a8686dfffee84258b39f71a8e0,800,1200,5975f37eb2391e51a8ea09d80d09d6e6,248,384,259,459,dresses
443954845d23eabd350e4395b40b0d2d,800,1423,47e82c7df63c08b19aa3970a1a253ee8,165,297,316,673,dresses
31a6f00bc155b354de9b37a37cf9144d,800,1191,a03804b2189e6d784f6cd51a9252b5af,252,425,274,416,dresses
9987dd367a1f8a750c26104184447b22,800,1423,1a33d82c46031735565d3469e89208f0,203,452,471,686,dresses
ba1b84d70d3e8523194777b2078a0288,800,1420,5b9427ad3e1205e937e88ebb822d3ad6,217,328,382,680,dresses
d39eb3e11e76b7bf42372543edf7826c,800,1067,bb377bfe763acd23c496dc9537120051,294,227,305,553,dresses
8d6d514bb282a5969aa635ef884a0557,800,1067,28d8ab01633d85cd64b2a671e4e779a1,329,297,284,433,dresses
acdf64edc45cce41a662caa1eb741e36,800,1067,a8b4da1e9d8aaa172b6b3544d2c22ca6,180,211,425,591,dresses
ed7ee44bf3f5bf62689838058dd5ece7,800,1066,66c2f9b702b290e423eff6932393fc6c,265,237,248,666,dresses
fc963b24fab2d9e5fd9bf20603b96b20,800,1024,edb78775b9da03290a29f257ca36b71d,320,290,433,635,dresses
94c50972de9654bb390e592aa94c2070,800,1423,e1894cd2cbec954307cee77d576442fe,227,363,357,662,dresses
8b88f08d4f81069c24ebb34d2220b365,800,1000,23049aee41a777e22d633a0cf38b736c,279,211,308,788,dresses
a1c5ff7dbf19cb1ecdcfeb93ec6be6ae,800,1422,f2569cdae916539c3610fb67729cb62b,249,346,338,627,dresses
09e05873035b9b142bd8af8a9511897d,800,1066,4ad8e8866a8e235fec328f094f9eb27b,469,421,140,483,jumpsuits
b9021e181f70becbeaf60bccce688e2c,800,1370,4a39f8c47aaba204514b05fde2cd2af6,191,283,373,1012,dresses
4327cd7f37fc028e4b6cf763e3b0ee1d,800,1067,590f763d72fd11b3331a393c0d58a76f,252,276,349,790,dresses
42ea9099689669b52588fddadb0b7e7c,800,1067,76f9bb47c76f3a525e81a8d43f68221e,224,166,294,838,dresses
eea24cf68fab46939ca9f0751f310fd9,800,1423,6ac37b0fa1854bc637ecc01a7a6ddabe,132,324,521,853,dresses
1adc6ea858a85fd9c2e18b6ed997d6eb,800,1020,8134f0e6cb818844f5574c380c9d2d20,153,287,428,620,dresses
1851ef45c5b57bf1f1e52580a2340cfe,800,1067,216aaf31bebb5a3bfa4954871583d8d9,266,232,285,576,dresses
471d71d4c8283e95f67384f2d853c000,800,1067,b4735aed96888954e5e64b5154e324a4,340,331,162,399,dresses
7d313549af7a8ea4b93e5075a52940db,800,1422,3424b7de067f1a158cc54e4bab1e1692,316,50,350,744,dresses
6b09b1242385fea2f563fb73586a38c2,800,1067,57d8c18b41f45674e48625b3b862e506,122,150,398,659,dresses
c869e4534ad10aecdf4181d1cd79a4b2,800,1533,46ea4e706e3dfc1a64d05819a9bd4818,262,394,310,762,dresses
478ccf78aa30541b41d6a61d8819847f,800,1014,46b57dbe8c2b1a1726b56e22e6c5305f,261,282,292,537,dresses
012ec54934e345ce9f0ddc12478e144c,800,1066,965742b2b6b305c4ef6e94b697697894,241,259,258,806,dresses
49fc13ddb556555258344f7e8c766cde,800,1208,1ab0f3886a562bfefa2f164e692b4174,255,343,269,474,dresses
542034ee9b2c3712e36bce9849af6c8d,800,1423,73c09a40b1865716f8252aee4b0a3639,87,542,339,511,dresses
7e2e99469ef66281e8a372e0424d8b86,800,1423,f1092bb1d4320f5c7ea8984b6a54a697,262,497,328,385,tees
c275e8e87a17ccd7af3283dff9a4edd3,800,1423,29a906249a7627e2bce738fc36915cca,70,414,691,974,tees
3a36287242111e5b0cb84b30a998a3cc,800,1067,d59074eb3bba2d7d62dc209e4b141211,346,209,290,512,dresses
c884b32c5fdf13938c7cf5ccc9562ecc,800,1021,8f5bab27c0c809e093c2a1b6e900bae0,315,323,225,595,dresses
5bbd91037736011d70cda83b51abfb67,800,1067,445d8af2c12f91eacc21fad57125a7bc,255,318,233,468,dresses
5a70869c49d82287744606bf59cc9280,800,1422,76d31b78e613416fdcf6754675d9e0ee,240,402,322,588,dresses
f71ac650a5250fd4b29c70c412f1f17b,800,1067,020939d013e1a9b1ff74242774b31be3,258,239,242,437,dresses
edd010edb9c6817a987e2d38aeb6e78d,800,1067,41bf4b84eca5e8fd51e7a51f393c8679,270,274,192,664,jumpsuits
62b16303de54605cdabd3c8c64265344,800,1000,93274d18e3a77ef22ec78ae94b2de73c,294,193,258,735,jumpsuits
e741694ea503bc2511f73e0954de07c7,800,1420,039dd01b7fe029fc11f418bac8804669,263,169,261,1052,dresses
c851f8b2532737a5d3572fa4d8e616a9,800,1423,0aedbbccd6704422655b1ec25bb31a83,208,247,318,627,dresses
773652b0563ed4ebab05c3254c61b5fc,800,1067,311d8c00421e71d6d42aeb5644ee8d66,188,233,365,672,dresses
8b71daccef07db4102527fa46c6163d7,800,1423,d6dad4100ea1af220320f2b715df3f73,257,382,338,683,dresses
a9eecd9a4df6591b7a9fb5223ff52a17,800,1067,211ad31c2adc4f1291fb68cbc4545eba,288,281,209,546,dresses
237a0f052f64c9a6431e8d2f42a732fc,800,1067,c32088b53c6440d98eaf379f31540951,284,376,191,425,dresses
e6379728a75454445b13ce98767c91e6,800,1420,a7902f663856757efd80f2f32f5deb48,109,283,256,650,dresses
8a429b7a6265e5ca85999ebeed35224e,800,1422,fd58ec87ec3214b88b2cb758e2eea12c,114,273,395,1064,dresses
44d184066337b10d71267e5fbc3002a6,800,1071,34194f0cc920a36ce8b656fa102c242a,301,301,190,745,dresses
9c05aeadb81c01f3fa91c1b8880da81a,800,1423,5406e68bd59f0ae5649b4b46beca5d69,184,229,390,834,dresses
59c555a7672575cbf285f76980857f16,800,1066,547f6be1d1fa5e1aae972a0ba30d676a,139,282,389,495,dresses
4dd0deb1fec065f72272fd1ea1c37c68,800,1200,ae2e25bed9f020ef3b2ad779682a2f7b,239,268,265,881,dresses
640c7f7ac1a8777ffe9543a26f69ee6c,800,1420,8411019d2aaecc4d268473b33920fdfd,325,292,259,488,dresses
861658d62d62c4540d6838abcb2e0f55,800,1067,25d1642e1ea74b75a2bd61c16574c70d,327,331,253,441,dresses
b91c90baa4bc8ebb777efd75e3df85c2,800,1066,0f0534bd65aa84ee70b99c88973fde45,283,275,213,454,dresses
56334690386f84440e3ecd6ace25108c,800,1067,f6657c95bc7808635946a700fa241ffd,269,294,266,413,dresses
50005c4bcc495a94edb8006e7798dbdc,800,1066,d9f7d6d9b83519053810293f120d7861,273,283,267,493,dresses
82a711dbee439220d6956d88c064abdc,800,1067,12380889358215720dedaa609258cb5e,262,267,221,546,dresses
9340e9e82814ba58add9a09ef456194d,800,1423,9336fe6f96a23256ba661a92f70e3f07,177,498,213,619,dresses
bd148a09f31ffb3b7511e4f0c9bc5ce7,800,1067,c52fbcba000d2db74cad8b98185d21ac,297,279,171,633,dresses
d2b713cb6babebadf160eeccc69f3ea6,800,1067,3283c0d87317f34fd6073910fa204512,213,318,192,358,rompers
1f215571f9491a7597daf481a3fbad55,800,1423,7bfe4bf051c335d338f95579a430c6f0,260,430,417,937,dresses
bf8c7991ef8206c6c0f712a59c8bdfea,800,1067,d3da229c6652bb041dbf64f887f76483,263,236,315,536,dresses
325b6dfa969e87e33ce7771c825106d2,800,1420,d63655d6635b54948e43c1feb45894e3,114,225,488,682,dresses
93f24c9258edd7aaf9c348d6f8b4ceaf,800,1067,1b2dd75901c5743c4f45ade9da55f400,295,247,293,523,dresses
ae2bc44f9cd9a3af364ffd799fef5fda,800,1200,5c95aec12266c92ae814de0cba0011fc,157,294,480,905,dresses
a0041d10e8af71afee72c728e1c76e31,800,1066,4be2868b30f4be7308f2a865e919b3f7,221,131,263,466,dresses
0a563831e1cd673ccedd823b15fb2bff,800,1799,5b0db950d179d2625d3f5df8ca2a5f44,43,355,716,886,dresses
8fe573c237c4bff96b59b1b614b98714,800,1422,2b8979f1c1146136f53c1c5224796e3f,284,38,372,748,dresses
af85710a568aa7bde590eeb9342bd03a,800,1423,082f3781ab456cce68eaa6a1d0ce4de7,111,280,403,587,dresses
f80dc1e2dcf05e43347c47bf561a7f8b,800,1423,c63e1fa23e0d901f87a732856780dabd,304,397,199,566,dresses
e86767266d87347f0bbef76382829d59,800,1423,58ce7ef0a4601af52799ca4e68863978,357,314,253,486,dresses
9a4e222e2add94c1b1f898c75909f9ae,800,1423,38293469fa58dff212f1205ed6474311,195,460,344,566,dresses
98f67bb3e7eaae72623a25c08d536848,800,1067,999c7ceb8200fd8b72a0dbaff2272799,298,338,244,464,dresses
431c22d005102cb2b5f0c5141f3fb213,800,1423,73df0811a1e8988496af8a513fc52b06,99,253,401,789,dresses
d7793fcacf53955a074df567f303a4bd,800,1067,0b14009a02aa39f0dd1b12a2d426a4d2,295,175,248,499,dresses
8b2e2ab1be2ee25a2a64b1b94c5a85cd,800,1000,fb414bf9a3c42d9d6e406238401ca6d2,291,231,280,475,dresses
558805d6607b1f3b0a945e6bea33c671,800,1422,5db9b3aef9ab44010ec2ee58a3d2716b,295,529,230,541,dresses
772ba87a9fb7c619dc2c1acbeb377c00,800,1419,4a6faac689b52c0af1bb6efc0999fc54,246,390,200,401,dresses
1a9ddb4eb0e6b09c255ab0f8d96efda4,800,1420,f6d66e4006c92723f4e85f9b68e50716,272,473,247,615,dresses
185d2319596fdcd84ae0a2f83d569104,800,1066,fc4d8524b33b56ebf86af7d812c6deb4,275,217,223,484,dresses
7097b0b9eb3f2caacf02c340a3ab8863,800,1422,a4dcfbe72d4e74671e4ef9e0f0a995ff,234,280,320,290,coats_jackets
c29172484c596d8928c7ee4d537c9ab3,800,1423,b7f1b85942c45df2e89cce159ae24bd7,259,316,344,567,dresses
f29bf102d7866e708262608f912850ba,800,1423,5ac41967d0988f7b64a1aa168bcf35ec,238,309,224,1053,dresses
2aba70834c09dae477e46ee69ee1fb3c,800,1420,569afa3e148c1b61db58ad447e3a6033,164,332,384,669,dresses
43b8ada03fb5e4e67797d76e17be4868,800,949,6a7f7f366a480a7db4d426daeb83a298,256,169,223,764,dresses
01fa21fe4052e65e8c9f4797edc761b8,800,1423,88b8f2245a7ea8d99c7ce9ec83ef0581,72,366,345,639,dresses
869c8e3085bd6acfd7e65cbfb5fe3458,800,1332,6cbbcb46071671dd0314711332c25de8,280,384,261,518,dresses
95adec228a8b23a845f4b7046513e1ba,800,1067,dcb3ce3762f890c1a0feb555ff2be9e9,328,443,281,468,dresses
ad3468a7ff0558944895a1969a902b16,800,1420,b8e5a9a06f9b8fdf3ee2a44ce307a72f,175,207,397,830,dresses
e516d920ba09ac01c31d5e2f63342785,800,1422,8b0a4ea800dbca29e76bece26358bce4,187,475,318,731,dresses
459367c7c569bb68667141d6728b33b5,800,1065,fefc5281210f929233899b93d06c38c7,287,212,207,480,dresses
2aca4232584bd9d7be6deadea3cc699c,800,1067,c004c9b74dc77f7b957d88ec5918a713,217,233,241,781,dresses
e46847e0826bd60b773a6ba53a71d2e1,800,1000,0ea4c7205f1786785cba42211ca2d117,224,172,270,527,dresses
43b5dad1ddc574b5cdc83eb65c2094d4,800,1431,fc802b7e8d08640fcc5553a1d34f18bf,197,382,476,652,dresses
78f8583f3a39e75959da50530bf1c7e5,800,1200,56319d6d920e262c956c52a3d66dee75,278,270,264,490,dresses
1320f05900f1c4893361d93f0b7b09a2,800,1067,db1abf27ae4500473215a9a607d23149,318,270,213,620,dresses
0a8c0a7b7b6d22eca1f6809b1629a849,800,1423,475289387a5a5f250c4b2e95bd44d453,374,390,347,591,dresses
58cfff77a070a70672def7719744f494,800,1423,2d7d1f49246782009e7e9f6e4dd46c2d,175,342,531,675,rompers
26d0e07e8d0d72de38cb71ddd102b949,800,1067,a55e34dc7d751780511b095d06eb2ba2,288,277,243,671,dresses
b5b279d340bf7049f42cb6ab83343d1f,800,1423,f3515b02882fffddafcc98a4fc8605ab,333,397,251,561,dresses
636306e2df0d242956636577626df2f1,800,1420,2ef5126157931c659c5c18d94c583222,115,154,537,809,dresses
761dcdd20db4d033374d9463a31495cd,800,1027,ca7c34e51bd18170b5f30969e0da169b,291,420,237,544,dresses
7b37bc4c065b3d672b47f971fbbce3ce,800,1420,5e2c0d4bbbe8ed8293d5821ca339406f,201,407,407,943,dresses
3abdf76e457d3c535a2fd971b93db62b,800,1249,3d372a3a7e7a98f286750bdee719b96c,258,377,260,422,dresses
c1665b87f3466f9cbde937eae25815fb,800,1420,36ccf4d59db17e8bcc1c3fb33ee20d51,189,360,384,693,dresses
069c20c937ac026c26d401cf8f099977,800,1420,b286fc9ac8a889af61d265a0da7fcd1e,243,360,338,1019,dresses
188516fd60e1802de348999b796e9ee1,800,1423,635e4d588969f5793632ce6e9cf251fa,60,0,516,1028,dresses
b0b31de98d57222983a31634a88ec450,800,1070,1d07f3f28e70a4c8f1cf54939911f093,420,205,216,414,dresses
ba00cbac722cc73ebd0ed32ecd8cc1a0,800,1066,a3ddc848840d007789bc87ebcf77af2c,138,339,233,699,dresses
f8eec83a4be3faaf39c0fe01341319e6,800,1420,2d4dad3dd40791231644b9d93e852e13,245,400,309,994,dresses
1cb2de04bbd0aa653b81aa889f5d6320,800,800,48b9da94232e88bcc3f1cd66bc01b745,299,261,202,534,dresses
76033ffed1794e36fd5f5842a800857a,800,1423,6725ad6fbd887692fa926ba07feaee2f,303,367,262,614,dresses
9efbc29cee7f11a6c15e8b6ff5d3174e,800,1067,a144b6ee043d2cf812db91868d4bb71a,260,209,304,557,dresses
f885855372f2cc2492ed58e7dd8e6ffe,800,1420,950be64530e8c32856bf2422907cc668,184,245,308,1092,dresses
0d4473b760f9ab6561e45f87a3c9c682,800,1420,5246a0e9b38ef41f96b964446f17d32e,88,288,436,764,dresses
1547b1c217ad5c43a94a301d002eebd9,800,1422,d59508a5257afa52791c9a412b0a26d2,111,90,534,1331,dresses
02322b750134551efb67b482f8337c8b,800,1203,a4dbda0c71e8eb8e440652bcde4932d6,206,236,340,553,dresses
56108f2ee424aee5aee83cd4a29040ce,800,1423,5eff92807ac71ae86d230e50805c91b2,295,242,328,775,dresses
2d39f316bc209e6a78ab31d002d0133a,800,1423,462ba557c66f370a103a5f49ae7b2069,236,318,358,676,dresses
a30f1366881e4fdd5ddd56df599fd86f,800,1423,057f6a3b0fcb385d714c8c47776bb646,105,381,680,841,dresses
deff45b8274614f0de4da6070c90c745,800,1208,b4df17ffc47a17bca2b3ba7b09a56161,207,274,239,828,dresses
89e425dd78f8c7757e7be1b5f36b529b,800,1423,44cade03f6a376215b6f7567fa592f71,388,284,275,1138,dresses
78082aceadcca576c868bd0eab6b1bff,800,1067,144a2472c1496541676197d5b8e76183,161,257,237,809,dresses
f156c13a1e1365ca187f57df1aad55c0,800,1423,e512372cf6b7d4604a14244b2e48b3bb,223,322,301,973,dresses
6f5fe9a50aae91a17ceb6f2a4b11b5c3,800,1261,8dd8227a567344cfe132983b8594a5df,371,400,209,832,dresses
feab7802b2b80bce5038a4cba4c02a37,800,1423,a703edb8282dc3af7909c38ced1a8adc,168,423,291,567,dresses
df12ad6aa238c4b1f39dea2e80989599,800,1000,5a700ed88df7fda6b02809bdb17f43b9,275,214,212,442,dresses
77e72f9b3aa8514b6e6e173aa340a3d3,800,1423,613e29ff314a4e3484c5336203e0234c,228,436,289,861,jumpsuits
050abd147b4daf41b6a4db730a9c9379,800,1423,be25fa91030e2292b3a64cd074da413d,211,307,413,661,dresses
898a0988cfd8b466d583146b52cdf790,800,1453,a58f69e407bfcad80782d3016585ba3a,250,304,328,715,dresses
a8c33899d1491abde684c64f2cdbf2be,800,1422,c87028e083f5d3e071459230b4e922da,76,345,373,714,dresses
711f8572e46e4f6e0b2487f2cb04aed9,800,1066,16989a13e572e3af9ef81fea8ed04a5a,215,260,309,495,dresses
a3a5c5b82325fff6e5d0ce80410767b3,800,1067,6ed5a0e35af0e08f5b03bb397aed8328,369,196,261,440,dresses
eb298a69308f84289de5cc50ef8a113d,800,1423,f4b181490f0de60880c9c529d533244f,208,0,383,1421,jumpsuits
1a721f08f2dc9e460d9552ece410465d,800,1067,de7d2d425007ea6905e874e0f84f3f1b,255,222,277,633,dresses
591d88485032cfe536e1b251988f04f3,800,1067,bddd480a0f3cb35538362f01c7eac608,226,227,338,550,dresses
2a5b4ffe1b1373e16a0b5657b9ad6e3e,800,1067,78e177260afb98c3148fb889bf1cd3a1,273,221,237,495,dresses
c80f872837c6321646d0fb13e7e19eae,800,1420,c27642647c089a09f54a8d7e23bf0d43,242,514,276,574,dresses
1a5a4da7a68e93c552f101733c54a46c,800,1422,240f66e31700f770c6a3d11851bd4de1,194,390,353,878,dresses
4113e2f4578ca0ccb428998e64f3988d,800,1423,a83bcacb68317cd519c8ca357edae40b,22,306,361,776,dresses
c625f20e81db069c93f950b3c1ad8489,800,1423,32ae462fef2660292214fa168049490c,174,565,467,567,dresses
b75f15a49660a616a9c2f2a1b7c07b99,800,1066,452d93af6fbf443aea2375b91a2769d2,308,208,205,497,dresses
0dc131b838b241a095acfd3d3430015c,800,1422,6f94cb151988e14c1059e3eefc979af3,224,383,282,687,dresses
2203c898b8057003c2617ac3fc6960aa,800,1066,dee7ffb7244bf8e88ea7caac6c86df70,250,297,264,753,dresses
0232b8a93edb6b1452d8c9739311b497,800,1200,a0259b1e35ade7c029d8a67125cda0f8,208,261,347,774,dresses
e149360ec7d61f1f997419fb57540b3d,800,1066,0d9462b56f62f4b6aaeab20cbbe6deb9,316,239,231,562,dresses
73519d0efa4161c5e79cad0f561f6f51,800,1066,6e2eaa9e0bede8a8ada0dc576e0d9413,295,273,242,503,dresses
cb0a605138ef2739d58b17a26271f0f3,800,1423,8bc637460c3789bc65399dcbb2bf282f,201,311,350,593,dresses
2494fcbeafb5ce55ec97eb48472e812c,800,887,504f3d5d62fdc0bd37e8e870a660b4b1,385,35,294,556,dresses
b52fed502a51118d4061a56f9280ef77,800,1423,364fc769e248241706597eb64eb74241,186,387,342,982,dresses
d6a7148993afee89d9fe2b808cc5e0b0,800,1423,bb3907ae81cb189a1b2765f44c81d21b,296,291,361,805,dresses
ef2894e764bd131fee7a20e341f1f576,800,800,1ec963362470a372430c2e290e45d694,297,183,208,422,dresses
55b72c22b84fd6edf1834baeb662ad0b,800,1067,f9bec05fac6e21ebdcbfdc11afddf32a,277,182,250,566,dresses
95ce12d2e8cfa9f3e0d15e331848fd9b,800,1420,e4facb104ec11c2d298aebd9ac8fc6c7,247,387,272,480,dresses
f97f0fc673357acb5c9d7aa8c0055221,800,1423,3ff6e55ec48401d5cb7aa593b79922f8,243,322,301,956,dresses
ce71e1c8b0481f353be245e7be1b7bc3,800,1067,ec54d9258edaaee124e490b265a6d3d9,277,335,254,407,dresses
63ad097dface838b58b853056bcc3eec,800,1423,168684f13a80a4ad07a0d9f46838139a,104,238,472,987,dresses
9e198e7a3cd8b7fc963f512c93dd75bc,800,1067,de4fda33ec2782bbf6e6089d38220aab,242,250,256,756,dresses
92640726ffe59b839ceba5f12c9b64a4,800,1200,c7d0ac4f93778059eda2b07bde6fa551,304,340,282,723,dresses
6e685dbde76726d7372364b03d5871e5,800,1420,3c9850ee44c0843a5c1073ebc340aa45,80,246,497,884,dresses
1f89c18df0551758a11fbc60b80b9fd7,800,1067,a11bc5ca9c64bd699b838028c67fbe4d,275,169,240,606,dresses
62b65817808ac12d2cb683d2e8182e50,800,1423,a9c5b81fdfc034f8a3b180f23004a33e,353,413,219,604,dresses
0b041adcac7f84608aa02070bdebec6a,800,1423,d9d1986a98488c4a096215002af51aaf,309,277,388,993,dresses
74d2fbb92bbcc36530b27bd333e45a5c,800,1423,47c7bca820871f51de5b16dca59ad824,136,224,469,783,dresses
8170dd2366f19aa21a2da89e14736db0,800,1423,0c370e5a612c323aebdbc3b74964798e,179,337,452,476,dresses
9ad74bb5317942858eaf860df4f1dc61,800,1067,d37bd40cbc1a0aabcc76f877328f5495,271,223,426,571,dresses
d7d9345ace688dc9c5747f47020ca80e,800,1420,70b7aa9cb7a79f2b4e9e634ce2fc5f9c,67,297,481,737,dresses
d1f9415dd484ce3aa200fdd64828b179,800,1420,4fd1e1dfef6c8846acea6018629240ca,290,366,368,790,dresses
a3a3f278ae89f59674e54b16fcc4c7da,800,1423,e8a1d57a53f34b10451aeb47916109c8,286,686,168,462,dresses
b5f1e9c2fa1510ba4ed640aecd24aba1,800,1420,217b08d3359572776c6f17d3c306a948,186,291,354,548,rompers
4fc8358a4efb1e9cb7ba998827cf3e19,800,1066,73473e9cf516a7e93dd7b485a9386bb4,450,257,179,428,dresses
6ae302b4e70d0608708b9b3e68b7c30d,800,1423,6a4094b483a64149d896a04b87d9233a,233,248,294,538,coats_jackets
62aa3f9dab2e917aa0ac6743844f4b0e,800,1067,529c2cb1ae10611071682d8c20becb36,311,278,165,577,jumpsuits
da017dfe748eb5485f7e2c8b32c73a33,800,1067,f377bac0a5942a07c49eb05e43299fb3,332,228,242,709,jumpsuits
073a5f7d1a9397db6212f0d5f534b58c,800,1067,2bf87d7fc23472e95fb40066719d71ab,272,269,206,319,dresses
8a50b3a31f1a98baccb3e95cd88560b5,800,800,5461a2b0b48c3ada092a69d6a58befc3,281,124,210,675,dresses
31784bae9a17cd356bcd50589a88583d,800,1420,88ffe720d17d210fc45a3650feeb2924,292,345,212,789,jumpsuits
ee94c15ac078bfcb3b278992ab0221bc,800,1423,d84a29991bce5d32099420c294573a41,69,55,679,1163,dresses
139062dd8333c861b7d5e101b0824624,800,1244,449872bdde0489633d24aaecc98a79f0,268,254,275,632,dresses
c662d4130b8e48a9883df2e0ca44b948,800,1423,4f0ab03c4e55b3cf48749e882a64e20f,123,374,402,1022,jumpsuits
714178e63060a80be9391e534fc907fe,800,1096,32f959dd751f3c8400ff79a1f5ece23d,223,338,268,691,jumpsuits
66164fa9c05c201fe8817d8e29671827,800,1065,8a79cfe82c58e64c945c27e96076fa69,296,233,216,723,jumpsuits
7bebe5ea7f4c3d52b6a4b4dbcea74baa,800,1067,a5cd4756cf7e5666310d23667aa64585,286,306,228,480,dresses
abc690abeaf07d37b6264aac363affcc,800,1423,25c46538d8e69e71c4f6579774ba7ecf,25,272,657,1135,dresses
fa64d0c77ce17c781b0a10428e082f07,800,1423,27ed4c745b2f2b52ff195bf3300e3bd1,184,288,359,1135,jumpsuits
5d045f7c19cad01ac3aac4da384cd66e,800,1066,c7048a579e98e801377bda72a25bf4ea,112,192,448,587,dresses
5130251e42b6ac50c85f64897d92a64e,800,1934,acf364eae7296569bbc27d44d1b336a4,153,457,616,1352,dresses
877fa91aabf094cd827439feb4fb39bb,800,1420,67c3884a17550e818f3dfa61d92eebbc,190,303,369,752,dresses
35f4850eeb28909951110abf978fe0c1,800,1423,3aa9ab425bb530befacfdd415e3f50b4,267,310,309,857,jumpsuits
5f724d2407b67ca03140da9a32d75f73,800,1423,356a7170b9cf7d8db5c683b09da78c9f,65,96,448,1205,dresses
1507ffa6128d4a87aec0b236787218cf,800,1423,ac4ae0e5961e4c7e3beb9fa3e5baaa83,0,321,535,876,dresses
00389f50a6152350eb2eaff230525c76,800,1071,82562cfc421a90727a3cec3b2260f3eb,231,272,293,443,rompers
0534b049bbec881f74a6ae9c12a958a3,800,1067,a42ae675d9912a1233f8fbb9a5dcf380,473,258,224,539,dresses
bacaecec2e017bf4ffc3d64a56937f18,800,1423,7bc0bd63f7dbd53f11b0d4f04c7653b9,243,528,222,389,rompers
91329c1c94c743449426cfba85ab4c73,800,1422,6282618bedadbb1fac835ea37fa60190,221,226,396,828,dresses
13ad66aaf42405f16ae2dd3befca7aec,800,1067,84b39fccfab8044e625b7003b4b0057a,494,343,193,606,jumpsuits
1dba00df73d450ea85ebf8a7361231e0,800,1422,845483390c97da059afd7ddd5b61f8fe,188,244,372,1021,jumpsuits
d0e9280b87dfbd9c212c62ac5bb3587b,800,1066,4eaa753918f0ab1009ea7a26ba7d93a6,261,272,213,448,dresses
864baaa899fc71f286c10953cdac8964,800,1067,d4054ba45ea93dcb9eb409bf4ebbddc2,208,178,355,677,dresses
e21191c9eaecdde35e1311537b1ef0a6,800,1070,59547e278edd5dee40e1750b40c6ef2b,262,209,264,653,dresses
164fe6afd4e75202fdef0110b7734432,800,1859,10a4b4d21ecf6808581c81a2fe1da003,167,347,632,1511,dresses
486adb939c92b1fcd7c21103110ac711,800,1444,1f0843f9b9ee65b8bbc6d15e5cdae060,215,300,365,543,rompers
2926ee6a10be1cf576833b0810a0215e,800,1126,a475089f21c66557cf5129e657214e9e,302,442,189,326,rompers
00caf2cca5cbcc3194e3b748f35f94c6,800,1067,96826e7b65a04b6c58307ea6586ab10b,292,205,229,474,rompers
f2f00da1265030a5a176492b0532d189,800,1423,3130e4e92e8426c129a1902cefd539f0,202,304,345,919,dresses
71dfc20c3874d3e2c0ed695579f7eadb,800,1829,1792bfd4b5c35e92111e9e8cc4697307,243,455,384,989,dresses
ea0de512f1eea3cff14f0874c4f124ef,800,1423,676d39c5dc45f9f8dc5b1e0573eb7245,173,285,457,523,coats_jackets
ce4646ddafc7e3ff0215fd6da7f70ffd,800,1420,a0093aa8f0e88e734bbcc2e4974aa7d0,236,244,331,968,jumpsuits
a7cb0b18d1f4e4c30f19f3f406f20092,800,1068,a88971277dbf4e030d05a65230cba8b7,256,29,309,1032,dresses
fb7fd2104fcd4b685b2767364161e57d,800,1420,ce701d4380763bc5af67c914d83fa2dd,246,277,284,907,jumpsuits
b39c6f8bf6fa58d9c363eca1d880b110,800,1423,ef45c8202e2e7fe5acd7095214e640fc,220,399,324,705,dresses
792c87f18ec42ac2f4362cca8aa2612d,800,1420,8a3ac54918ec165d828be935380fbe50,242,452,249,493,rompers
e585232a0de4580e818d653390b78588,800,1423,164745aac844efd12cb561cf08fe9b23,224,248,273,545,rompers
73cbdf20b57d8d2df5e51394bce37943,800,1832,0c07dac20ac5c5ca3d0d4f41834161c1,169,519,476,811,dresses
aed2eed6b06e4ddfc34b1d0b94e621d4,800,1423,353186f2928a588655d24ea4770225b2,189,430,291,925,dresses
0b86a075372e3c1402029e799fd3c4e7,800,1423,e29cff5552ea62e5a88a0d7792ad27c0,261,600,311,288,skirts
f6590d1c71bfca226171a0b66cedb18d,800,1420,3ce374ca8bf98e6cb2bac4a44be5862b,231,133,421,557,coats_jackets
1226c82ad2df44b1f031533fdc8caa67,800,1424,ebc2a671d8f4bd2c97a8bccfe693eaa9,235,308,285,974,dresses
a773996fb3b23f57e699bf9a117eeeef,800,1588,227539cbf107e7844a6c5333ca0ed732,181,418,388,576,rompers
25f0f65a68652c8e8ac0a56dbe6b0538,800,800,f9f4e49356fb5b0226b558639581a873,363,157,214,323,rompers
c5ffe723bcabe6c1a6ed22d9ece74e66,800,1423,c50b362c88165bb48c1c5aad472b9c4b,280,509,229,820,jumpsuits
98bed7ef470d0c14c46d7cfbb7aae2f6,800,1423,08120aa58fd93da4baa8b91cd6e469ad,58,192,570,962,dresses
4a72ffbc09c7ccff0ba2e791012e8d16,800,1423,dfe8bf799bf5dcaed0c31c48e70a2cca,131,331,390,1001,jumpsuits
aa0003c9c5b45e3cf3cffaf15e9c009b,800,1066,f47d1ecba591d8be370822d9b2a685f5,291,341,234,366,dresses
478904e47ca0baab08c880c9f334338f,800,1202,db051d91b97b9fd07675b437b3963777,247,379,260,413,dresses
23e3d04f66fc84e9680bd1e9ce8a4a26,800,1423,0ce6b6941e4f28e508ec86791e0c3a1f,62,432,505,920,dresses
9739d947cfbdf4635ab3b2ee534a72be,800,1067,983344a8695f8ab09f26624dcdb2d923,260,272,375,551,dresses
6c25e40d46f5b33db91b5cf09980d733,800,1423,720f0227108103a1f01f88aed644b83f,215,224,357,1061,jumpsuits
76adcbd15ad347ac48fc1cebd365c570,800,1066,95d7c8861986324a6eee9915283b726c,179,265,315,480,rompers
f06a42aa9e8c71c38f5fc488fc7357bb,800,1422,8283edb203057fddbd09502ff9e04393,239,381,364,720,dresses
33eca7a5c42de35f3f552d4401525386,800,1524,1d3516f5ada6bf28dc61790e25bddb40,223,227,370,1176,jumpsuits
7f49a3b2631dcd5c34b313669fb764a2,800,1067,955765a62937c18fce95a94e3c211dc4,203,279,318,735,jumpsuits
56684032a1c8c10113e098ccb0e38acd,800,1067,3a8466ca5e3fd493e5c9e948d55f0137,303,254,237,802,jumpsuits
d6ecec32042be1789a4a0507d511bd06,800,1423,56620e5d1eccd9509c53b4b17844e787,223,83,368,1157,jumpsuits
88e8ed251deb6b92ed054212ad4db1aa,800,1524,bccf4f2b7c84be1842387188f2f8e453,173,353,388,705,dresses
a7e86471a1ebe612246ab686800460f9,800,800,07ab810a561461ee1b58d0bd6fa9b838,316,130,176,461,dresses
85d8e8032bce8b79a85491ba9d79c3b0,800,800,ef8225a49e2c9e4bec4d2cf2b651ea66,472,210,155,255,dresses
1dbe2b0af284c0c3c3f92364f528fe5c,800,1422,c79d1fc93f97e1b0839030e84d219831,258,282,420,1139,dresses
871a93db241918a9f8b3a86fa78c85a1,800,1200,63e585818b3dc561249ed919171aaee6,248,329,301,509,dresses
442c6ba6661b571f091c83bee42fbd77,800,1422,1c05eddf7c2058912285434b025d568b,195,459,421,653,dresses
d9558c5ad76b712e7d95a69d9c0f43a9,800,1422,2cb6f8aaf44b8c81b4cc15fd491124cd,170,228,426,1030,jumpsuits
7f23e92bf988378e36cdd24009f3b9dd,800,1423,58db090177525ba63f00ef450b5c9f10,281,346,220,435,rompers
e9f3656afeeb603ab480d4aa16ce1522,800,1180,0579be0a97f888ebd03425b208138f89,185,248,395,585,rompers
0a16b66f181b14bf13d5f1f3ca494638,800,1423,8bbbf57fac32b51d85f03a42559d119a,183,400,339,515,rompers
253b9d5e125a1408240919d80ac9b14f,800,1068,52a3398f1833e465e797062b4a3a0b38,157,241,492,514,rompers
469684fb11139ea52336e25e000332d9,800,1067,22a7aeb8b7889a0d3494218c4acd5403,168,281,216,577,jumpsuits
05001baa9e439757a87a8352cfa90a44,800,800,8a8c0aea0d56e5ffb91595233ddabbec,308,265,180,485,jumpsuits
51869c84c1af2044765a3037be30892c,800,1420,a26795d5b62631352c71e345b4ca6ea6,289,281,309,747,dresses
2446fa9f5b863d73958a7fa153594a60,800,1423,c981b83bef2e4e6542af4d0a0354eeff,133,276,305,855,dresses
aa563155ff19c87d6e246674c218a979,800,1420,b9fe9bf0b49a00c99d05aba3ce652ff8,276,257,357,654,dresses
12be96e8a022430bef454e90137c00b8,800,1420,ff16c26e4c9da1ae19562edbee40838a,369,240,368,1106,jumpsuits
639f258cdcfcdd72bf494eeeb1f0b1ef,800,1276,8e8f92689a7728badb5328d0140bb1d3,127,306,447,820,dresses
08625d723b02451b01340dfe1f62245e,800,1067,2c30df77a0ed10c3c5d03e4dc89c3539,235,149,225,790,jumpsuits
3daa8c0828a4bdfe25d0f31d32776487,800,1420,5a256dbeba10816bc48a1f171aa15eff,170,408,305,495,rompers
a13ac6cddb589ab395db9abb3801af1d,800,1311,8c18e962bc1507ccf568a4f60c6961d7,279,272,259,934,jumpsuits
16625f6c06ad0b4480250ab85719a0b5,800,1423,b83445c7bfcf428a5934cf1f51bad3ab,242,484,354,407,dresses
e2b5667483155f7c6bc106245db73b4a,800,800,0eaff8772fc2dda05cc52066f1500661,308,207,191,341,dresses
77f8669162cff62418576d2cb1833dd7,800,1423,19bb5d6c950f89149ba28fc129589486,212,425,221,811,jumpsuits
a5cea6244cb09215c802dda6a56d9dfc,800,1067,1e040df1ae5cecdbcbe5cc38cc092801,234,245,245,755,jumpsuits
c88b32f65c633fac8bc36d38bee6cfbe,800,908,2f25b0799b943c479cc128806ab02764,330,28,246,479,dresses
51691ba0044b5a4d95f66395d16463c4,800,1423,0cdc0c53132c18aa1328f4e0e4ef0c82,247,499,269,541,dresses
5f292f3b7d0e39f9ef32e49ac36676dc,800,1067,296affdc555b89d7ffbd08e98e63abe8,319,341,231,582,jumpsuits
dc5829515995092fae0c110497f03c12,800,1200,7c31f118b4284a7952648a8e04d33e1d,221,362,239,675,jumpsuits
1fc9520d0ea981b2dd6bbe4078bcf8b2,800,1423,bbbfe277314beede3f3aa05d950e0a2f,297,352,237,749,jumpsuits
dee3b6968558857338031f79616b5346,800,1422,acabb251c729212d1b95e100def21f58,26,265,348,572,dresses
35058b15e3ec0153a508b82b6eaef4b6,800,1422,b6dec96474d70f42bd760c520d4f452f,272,402,344,764,dresses
89a1d498e9ac55110a0d13214c1cb3ed,800,1066,e3d2b192d70d9f6a306733d6a6f44347,215,287,332,778,dresses
98f733caccff82fb209f1863a0754117,800,1423,5fe09cfb65a7f8da7a73c8dbc47cddec,248,168,329,1016,dresses
15e2b8fe7a4807c76f47bd342fc7ff3b,800,1418,038c59a08a69c8654d86846f7a38e5c7,254,72,336,783,dresses
7224ddf9aaeb27fe80024aab38fbfb2e,800,1067,3ee11e3e4a005a86f3a86e415dd21850,207,300,209,598,jumpsuits
d43eb16ffee73f6f44b9910ed7df9217,800,1423,fe8e102165e4bc153003ddcce8388ae9,209,298,590,1064,jumpsuits
ea515df95f22c473ddc3d00f09584243,800,1420,23bda26cc7e72e216caa7a2a18f1458e,182,230,329,994,jumpsuits
19dc520c76be206bdbd8b0d2311720da,800,1200,43ecc4cfcd0fc10a2335f07fc25b79f3,322,457,210,604,jumpsuits
b0c741261bead760e94e5f8e807920e2,800,1423,1a059fcb497b117b21e8b1be624afcb1,141,0,593,1347,rompers
3f75a62a8c847231cbddd576fdc7f066,800,1420,5770ac2853f3d875483d673ad1533f82,262,439,268,619,dresses
3adae3bd0d1e9d338fea7805effaf766,800,1067,227dc85dfeeae2c48baa43ea1d7f3077,197,236,353,663,dresses
18c037c5487c7e3e514cd3fda31bd746,800,1200,ad98c6cee1e859401a1eb358f4a98173,322,284,225,618,dresses
1f5184d9c61e5c0cff8ebea11b314f24,800,1067,0b8d94a25a2560935e607a1a50e07d81,279,221,228,524,dresses
4a680259726caca727ba4e12fcbd8a71,800,1423,2e16968885c0f7ea2dacec64bc09b854,191,222,282,1115,dresses
0b23dedcbc49bc2933e3b4ca7f2fc603,800,1067,70d850ce9c12915379cf3223890c0ec4,236,262,216,783,jumpsuits
b431227fb71a30b7e2643d6a4d10bcdc,800,1423,21d2d10425fffb8508a9668f0ba12c04,104,357,368,487,rompers
2f10a7217a34902662384bacd697689a,800,1067,5fe4183161f76f51bbe28035689a72de,246,306,325,760,dresses
cf81880ee8163d64a3b0b41a4012f7b7,800,1067,e5c697f8e1b593dbadd83f2e8a4882a1,243,205,289,549,dresses
72327af621539788436ad0f3d4c79a1b,800,1194,a31c9b2e590ac6b42b7ccfcdd4effdb8,252,93,322,925,dresses
7c64ccab6d26c856ea0bf8d837e85ba1,800,1420,415be35aa8f6c0fbd61072e49c0b2c23,282,284,305,1135,dresses
f1fa87e7a847ac9ea5b16e44f7ee5b7b,800,1607,a3db9cdb59983c48b96e46e382dc35eb,204,299,350,872,dresses
8fd8471af396b006e79e09f2ec22dadc,800,1067,9ea3300966c5421650b3a49378ec8608,268,207,295,565,dresses
35ce131f8166f3508c9c35b8add6b614,800,1423,634c6c6c0e0e332817a3eec0dd422af4,303,280,325,1039,dresses
930d12e7bc1815c61a8d4a9ed2817383,800,1420,0831427d229134056f23bde92a68b8c1,234,7,341,863,dresses
17983983de2de919d93d87c541675e2a,800,1422,bf75b039decea135a2ec5d8086bb2598,267,333,212,566,dresses
43acdb68bca3ab28bd32a44b2b1d417d,800,1423,67bf8d198c7fa5008039f709f3961ff2,268,276,257,576,coats_jackets
6c1dcb22c3215e5a6b4f867bafe74531,800,1420,102b7578948cd4b1f7b97fc19a6063ec,237,272,317,607,dresses
c30b5aee058798ee64dadf98e480de62,800,1422,00f562dd4be7dcd1986f98f59e028cda,231,335,310,688,dresses
957b5ccef70e9259748b06633b75d916,800,1423,5c0338ea25e7fde3476ae14381f220f1,232,463,420,632,dresses
a8156cea2f45dce618913668af3a2854,1085,2703,d00c0d4be7c36157480811a975f3f74b,86,475,902,1211,dresses
a8156cea2f45dce618913668af3a2854,1085,2703,044ef046c9e2c24a4a51f1029410bcc1,84,454,902,1229,dresses
2a6bde033aa7e092ac4c6fbc3d882cbb,2048,2048,c620a9af6f105d536fc5d5230c44e5d9,542,311,1232,1226,tanks_camis
a6ea59afb76e56aa662e289aee38cce4,988,2360,aa5ef5b020b885a6d6478a988d36ab62,286,463,471,694,tanks_camis
065cfa4db00d4d340013ebcf79526b26,2448,3264,154a9bffebb46ad69de735fa90559873,807,603,911,1146,coats_jackets
0b87a64cdb0010ba70d38047ca926de7,2448,3264,0b6623474851af69ace334fe1e3cf6dd,847,710,714,1243,tanks_camis
45daa21bb3aad76b2cf7ecc3a232188a,1280,960,19d82dac4c7ff8f87c38e2a0bba5f271,613,232,103,256,tees
8b3e8c2ca3c4aa20ca6d5c5e836768d9,1029,1923,337f0e8d88573b20d37b70ac5c78aa0f,53,403,789,1258,tunics
313107f4d6e4cb6ce733e7aa6a500500,2448,3264,68e8f7b093d8b3efffdbc4c1f0048436,851,1094,840,1674,tees
404995a1040c9efceaba0df144d5c0d1,864,1080,ffd02d6c9e57b37a030f3fd6c77c8a93,178,3,316,645,coats_jackets
097f623080c19afbdec07b2635255f14,1080,1080,db4863c36e396f192b30226f1a906e3e,491,218,300,382,rompers
769ffb23be0dadd48586271f5231b12a,933,1080,adc88fe5d89603de9536ebb91cf7a256,239,303,469,638,rompers
a948915cdcbf579f344c45567092ac0c,1080,1080,c27352aa99ba400caa195e85cdb76ed6,488,248,335,457,coats_jackets
2c35db991f6adbe2e672450798e0776c,865,1080,3759a6fcf1ddb07e913592b3a260199d,0,121,746,958,sweaters
a9c9066dd7854a305a3a4c3c5cfb8d6a,810,1080,88e9d90cbf607b1ec4a04d076e2d57cc,289,528,196,385,pants
e2a6f07228b31cc8f945a72404f170d8,1067,1080,92549566d89be9f6c046d650afe9cc33,394,17,214,402,tanks_camis
8e684166ce62df3b0a03d8ab8590446c,1080,810,03d5c28a62bd461ca919e8a1c2887607,515,320,121,239,pants
0b3896bbab2d8a52ea35574fa7b0f4e3,810,1080,9eda85cbef6e6f695e6f5a613fafc55a,155,571,397,290,jeans
e72c7a372302f0418bc508c47db07508,864,1080,99a51be5a27a247a0fa65f2bbe1ac880,332,307,147,249,tanks_camis
b1f18271aa5a41cb0faf801c1eda2757,1080,1080,f3c1b0f3681e4bc8135eecb448565395,418,390,267,350,dresses
5eafe663a024988dab036cadf6a45cdd,1080,1080,7c51fb481e47e9b5e7d8f3436ca68489,302,438,646,540,pants
0ca2de20619c8cc6cba32770d41d4b06,1080,1635,11932362000fe3b1598a66c69d404484,502,529,384,448,suitcoats_blazers
f6d7d120e25878c70a48b7761e129201,1080,1080,b6e884993810556f2e1ed9bdabd8ec8c,0,132,735,747,tanks_camis
52676457eb1a979e8a27e59794f0d11f,951,1080,34f80273cd3143916c3074d8a0afa083,343,300,288,395,dresses
dc50a710fb379d4cb4469a96d4acf86e,1080,1080,ec5927b66fcf4514f13c4dadaeca8bd4,508,227,195,296,tanks_camis
fc092acc57555acc3147c7b72a87c345,1080,1080,6584cfe16793109f5fe06da21c2ba8d7,482,196,174,313,tanks_camis
a4737bdf6f1f8741ca20861a450e41e8,810,1080,fdea390c85ea0bd5964d70ae45f7ce3a,378,644,172,330,pants
ef5f915c7892f36bc778a1c943e954e9,1080,1080,fecc29193d526647ba2561b9ecc07f97,635,424,203,472,pants
edb44b3df71622a68bf695cb251f8134,810,1080,548461a7ad06cbffb6e9362e48983cfa,321,223,281,570,sweaters
e33af5a738ab92dcbaa0f385d204a07f,864,1080,cc57fdae7130739480dd5721a60677b5,335,454,178,467,jeans
9e0e72fe500606e4f32f04289ee355b0,864,1080,bb385d46a93442578451e3aa08f04431,238,703,324,376,jeans
bccc1faa52f2f5c9d1ac673744269458,903,903,b4df507966f3ac32f2f8cb93528ae9ec,299,445,374,247,pants
8515e24cfe6231c2f4261b5962a275da,1080,1080,74367322be60a0e959a468d3072ecacf,174,482,511,469,jeans
15d8757c0c94adf3fb9aaeb0457daee0,865,1080,1d5d595f1312efc031bf44d23a57f387,160,715,95,253,pants
fd507980ac537b1b0268ac19297aded1,810,1080,09674e0b2f8a167c143917c52b6c0379,316,558,159,353,pants
fd507980ac537b1b0268ac19297aded1,810,1080,548248af43b3e9e553549064f67251cd,93,469,126,269,pants
a4cfe3e60470fd76132c192f4c4e9212,811,1080,642abfd68495a4fd3f4997d0e4bdd984,337,156,232,392,coats_jackets
db36cd69c66ca0d9c9ec39aee08e79e0,1080,1620,acaf9303e76eca38e974ae0e5aee0ccc,129,882,605,610,skirts
12c89e97691af0e2abcc56c3de7f9865,1080,1080,dd992d341fe8eb1e236f10f63f1405fb,285,291,295,266,blouses
d3fb8ee469ba86263b906d27f660e115,864,1080,abac5fea40c1c5fe98729b7f499bab0e,64,0,766,990,sweaters
2e44ce4bdf521cdf6c7584d095bcd16b,1080,1080,5b9c302518a7a37048847eca292b4bf8,381,203,301,518,sweaters
2cdb87985ba3cc5d8e0f881ea1436592,1080,1080,f4f10846be43044ec5cc6a9d9cb23b79,440,187,219,364,tunics
1d7109c65aa7daa1b514adaf40a5d951,1080,1080,187817d9e2b4d4877b45eff8045bd44e,320,460,213,461,jeans
366c3f11ffb4cde09d067ae5acb6b36f,1080,1080,89b53001e4ca740b4f8972c85a602456,773,534,128,307,jeans
7bad7a886c9a62e1b7070afcc2985cd3,1080,1080,053744f6bd89cbdb290b8df82669cdf3,405,165,316,338,sweaters
2631a1b8cb968acf49beb0c973a882b7,1080,1080,a7c00d8b428f150b07642d02ad2c19b8,418,524,169,400,jeans
da8997ea8b0ffabd375fb4c8cbe39a3c,1080,1080,dbc0626eceeee6636c5ba9bad070570a,390,378,248,550,jeans
5791d50ea49c52d55d33a1085893f961,1080,1080,da31836aa72657e24e8e43d1506b1f0e,445,498,167,422,jeans
3079570d8c90cc52702e308a3af1abc5,1080,1080,3149a8563d64d5869ceeb31899b31eee,295,385,290,556,jeans
2631a1b8cb968acf49beb0c973a882b7,1080,1080,a7c00d8b428f150b07642d02ad2c19b8,418,524,169,400,jeans
dcd44fcb39f103a05e4a5e646a06a747,810,1080,0b0490dc0a5d9b21c8e75c54d7bed4db,218,547,230,524,jeans
e37fbb8d8591d860aaef96d5df9d7327,1080,1071,1b6b47862f0402b10a183e5c18d04461,358,286,279,634,jeans
a429b275280c18d54c07850c8bd10b5b,810,1080,ad959c9f375376a2a39d8047434a12d9,283,503,233,461,jeans
1e6c42c7a03b51555dcd0ef39e41437b,1080,1080,f731499657aec8a4fd15113656291341,572,473,246,488,jeans
393e5c658c11941991f97d1daf0524d6,865,1080,be1817c7c0ad3acecc21645969329165,376,485,185,340,jeans
ee3bb859bca59ec5f617c800742241f1,864,1080,5b4dd763b750dc336a85d75de81c4eb5,357,429,172,432,jeans
b2052d3f54d20ebe4646da6624284ecb,1080,1080,d04019c2cf597476c7939366ff40412e,420,273,336,464,jeans
76ada356391a900aac6f3e169fbd9f22,1080,1620,fffbb92b3a76cea572b5984d7c016004,483,723,438,709,pants
ec9ce9ed5011dd8121f159840c8e729f,913,1080,6ddb0f3f1f423529a7af7607c6419f56,347,580,177,392,jeans
4660aa68f17bd14a3e7adf74ec06a36a,1080,1080,7ef234dffd15023b323b2f51623ad504,247,489,630,480,jeans
12c89e97691af0e2abcc56c3de7f9865,1080,1080,dd992d341fe8eb1e236f10f63f1405fb,285,291,295,266,blouses
462b74a990814cf4bd6ea08dc8bc4fb9,1080,1075,42fc7082f83f17e73e83bb861825e099,197,414,602,655,blouses
315ab7be9e2fec32ef657d7a4a749e0b,989,1080,523c8dd19c8236aee0eb278119ca3f72,339,539,231,419,jeans
3ba06f6c089e80ef7a0b838668497386,865,1080,89352b17c841ce799c258fd6c7ede2cb,255,519,247,435,jeans
9930d9e1661789867289708d7d8007a7,865,1080,1c5d71b397b4b72c6cdce2e76f0dae00,333,440,200,482,jeans
a7b12b05e3237ddbc196bd91faa0291b,800,1420,d01f8f07296861350a873bd96c8d1885,166,308,415,729,coats_jackets
804a0a13025eb9f3e3cc532ba6e240c3,800,1420,f6d715e9ad1ede3d68f1923604b973f7,90,739,455,679,skirts
eae5086f97b3125016a3f00884850c63,800,1967,637f71f71c03842697c9d16f1a480d70,78,354,648,747,buttondowns
d097ea654aa9a294df1556d2a2bb39b2,800,1420,270f6d2987dd0416a84351c903016b1d,106,196,425,686,coats_jackets
2f1fe0afb031fcf739012ffaae8c6e4a,800,1420,359bda8d0a3e343d86def64c369425c2,170,0,380,715,coats_jackets
1b568753323f39576c1c028eae2cb0ee,800,1420,74d3f1728f15c16243779c3c743f6629,239,281,407,583,tunics
25a5a5bb0e0cd6c79dcf08585c298a9f,800,856,aafce6070554d3ddb5ef6f2fadec6065,207,8,336,498,coats_jackets
82659d082048d6481946879fef5596e7,800,1067,aecd5573075c4ab4cc3671d7280f9979,146,243,455,450,tunics
36d98dd2db56c074395861edd76925ec,800,1423,9e0c5d6495262bb1f0f9ac8836c62a46,95,450,604,686,buttondowns
45ef29095cb1e04f0fa8ee5396653fcb,800,1067,3ff46802c9995d7075895a2a2b93ae91,304,240,306,424,sweaters
95a2de9f542bc47f8bbaa391b734cc70,800,1422,28318c4c65bf70568aa7a11df91bd3d7,147,468,348,372,blouses
cf9d22eb82db34d929d7505e6b448745,800,1423,cb4f5685ef7b882eab7e022cd541e734,82,641,499,618,skirts
3d28a55474203fffc886ed66bd581471,800,1200,2611fd235fb99f63b26c229682d4085f,0,93,799,820,blouses
675ed86d1bea8fd7ca0696fa3f12cdc3,800,1423,c7f5cb65fe7e60c472adf598723010d4,190,389,366,436,blouses
2be50bbed79d2d5e9be9e4ae14d3e9ad,800,1421,9f06b1e2aaea4c419d66bb0471789158,256,389,267,408,coats_jackets
40f3ed77957c12478a194552865cb348,800,1423,f35445d7302c47997b226b8bda5134bb,26,194,706,779,blouses
0c48380d547802fe68cf57c076c80b13,800,1067,ffa29f5bde81c8e6e0e92800319f854a,101,479,575,588,blouses
da7239fdfcbb7116209dc78b9fc0abad,800,1067,73a1045e476b23153808c8ce61f94cb9,424,232,232,352,coats_jackets
e35dc861e73e17ef7482b0f14424e46b,800,1420,7d4117ae10a969541666500684740e5b,246,598,348,425,tanks_camis
2495e8afb3456f12f87282b6e4d24562,800,1423,05187440fcca5ceb97987a5f997bba11,0,75,756,1160,coats_jackets
a3ccd0308221a378d107d755093203ef,800,1124,12f321246a894b44ade5aaf320473a0c,287,228,283,892,dresses
afa7b009db66f1873b310c086beb1aaf,800,1423,53b250ada59161699dc2958591136c25,190,358,287,762,dresses
cdca2256c681f2e6502437c54313dd30,800,1420,a27a973bcc1aa84dbf5f342e374c5afa,79,440,401,662,dresses
68e91b1d6e8bc408c24ac7461a13b932,800,1067,b2bf0140137042ba084638484326f80f,190,252,344,670,dresses
aec34586380dfb37336061b64f11f014,800,1422,3903b7db2879a01b50511909865a9e40,275,428,340,584,dresses
0a741cd4a8c2fb957e74f14db46b76a1,800,1423,9abf291f1d5c51def952aca2007f8f91,0,289,565,800,dresses
41ce74386245bf66309bd9b64f4fa183,800,1423,43d403add620ba3e5a9a397c627bc2c4,175,0,455,783,dresses
7ed493604d42bfa2428ad43c077211ca,800,1275,5d20ae0f2e7a2940b2a006f8736bda2a,113,437,421,635,dresses
d3ffb8e46aa5b42d6b9f92c2420bb365,800,1067,70d86bf0004447e7195aa149255b348b,183,342,355,589,dresses
5380ea49ac2a4736ab4b8db50bf8415c,800,1423,4cc0f56cee1f5cd5311cbd467113d04e,265,366,264,610,dresses
bc3187a04df33363f075b69b342d0456,800,1308,46be31ac96a511fb6ffe06e65f961ee6,283,280,278,635,dresses
b5eb9d7b0c05d2d6499193f775c48435,800,1067,c9c670413f649a6524d3033efcfbf79a,257,209,227,651,dresses
84a983654ed038d665aa2b9f7a84647c,800,1651,6428da5d3a0bf927460e983a99895d3c,229,431,363,1169,dresses
b9a8fac3f5b7c0e5a8d121dbe663a358,800,1423,7bfd980eecd3a87ffb8a14173dfaab47,251,299,301,608,dresses
08f710b4f88bf61bec5375c74f62dde1,800,949,9884a2d619ca32fdd27d6357f79c31ee,293,202,209,528,dresses
465b594c1188138300376703f34cbc1e,800,1067,f8f2a789ead4b7f7654996a5f860144c,271,291,232,775,dresses
ca7d8746fe6bfe7ff6e4e46d72b59a3b,800,1423,1782335019f5f3f1f904b3c113624096,208,354,338,661,dresses
0e800ef27eb809f6ae9f0f92c3013a16,800,1901,42729622b23a226d4c280bdb4e5e550e,157,419,375,1007,dresses
7203ce05af90a84169da96654797eaae,800,1321,85b0820fab17558d6f0d36629a6c5612,273,358,271,521,dresses
98b99e2dafa42e7236b0acf38218d181,800,1423,aa2fe9c7fe892619941b828add2856c3,253,265,374,713,dresses
62804d897874d4f0c1c123613cbaf1d3,800,1067,c3f25228dfe36993d7fb8b5924704b94,274,290,200,486,dresses
2b48b0a15528c7d036d1d7d2694c0cd7,800,1423,6343ca3f0ced13749191ff5a30893bd4,221,266,355,1103,dresses
c3071f4d95a0e2da91386e3e23456608,800,1067,9667f314828b3db9ac7892df39fc80a3,301,327,209,432,dresses
73bef5ce29ba5cd089a2ec77c5142eb4,800,1423,833d24197b0ef5d2ec085eabe6128cdb,106,215,522,783,dresses
d22b2a2fca251c4ab1ae2cc5ca601690,800,1422,4827ca49a2a98c631cbedb10d033000e,278,333,286,457,dresses
199e624edc904b3eee28ec0293e9d077,800,1067,5c2195315cc2e04e3c4970c373b324fc,202,244,227,512,dresses
1455c91217fff0aa7062feedf1d3a78d,800,1067,7454231abf3b8f6cc6c02d2bad2d7d57,237,277,232,518,dresses
39203d42a704ca413616ecf000c1d42c,800,1420,f95d247169e314a821cd547dd7c8f33a,132,259,373,663,dresses
95c1d9eb15fd479e66573b2207f9c984,800,1420,c8a7916c37b2668a51d4ea6430f8cdf9,330,436,270,940,dresses
5ad6cd646ef78c01c6dd1827d714d032,800,1423,186c3fb98ef15726fab23e4d3e2f2162,233,451,270,769,dresses
2cdf16a554c90a36c27ec30a5f4be3b6,800,1423,702117240e35f2969423f440d436cbe5,171,306,386,696,dresses
d9c6f0f626f328bd9ea353b7beab25ef,800,1494,7745baff9f343f89b0b0b188c17bbf01,176,471,314,702,dresses
ce0c1c7c1555342f63c775e1e99cd7d9,800,1423,edd41370c8adf228e6dceb0a6d3d8e63,221,258,335,1052,dresses
d5d3c54e989e3e5de049462870a14897,800,1420,80bafe5534670739383430c50862fde3,286,44,483,1044,dresses
fe79fbc32d0791e483c273fa4a233bd2,800,1067,951e88a588b406a042796e56218ee8dd,267,275,242,764,dresses
2c9956ec2fbcc51835b48971aa135769,800,1380,bca2c40ec6c9c7584bd9a36e848f03f5,269,345,237,919,dresses
132d011fce480ad16b4efde52058d9ab,800,1066,516c18761f6f72b42f35f79b2de1c7b5,275,222,256,842,dresses
3fbae7b581bc20da8aa17c347c677078,800,1067,defb97ff84a5244328864b0376c8b934,179,298,215,402,dresses
fc2d119b99919029b8464414be0b8b2e,800,1455,b806c56106a8294b03b0cdd63ca58402,204,306,397,778,dresses
47f644731b76f01b1073c1513cb080d2,800,1423,567e06802fb3ece5b6e2ca693321555d,234,384,384,596,dresses
744454cdbfcbcbdb22fcf87715a78a28,800,1469,a46f839ec8611c4e9e07194f08566624,243,311,234,647,dresses
bb95fcb961e4ca3fd5c53dd3148d73f5,800,1067,7881c93cd02a4e2aacf402b30c50c7d9,288,271,231,661,dresses
2ee02ec5632d68b1eeec10e539c50075,800,1423,0b5e7307ec0fcfec9af0da65f23ac016,206,248,426,732,dresses
1ed65ac8f3048a6b616224be65524f3d,800,1067,5857a5fb5170a6069f154454723886a3,404,353,227,394,dresses
5a1dc85e30fb4aa33a90bb4833aa6a56,800,1422,b13be09b771e8fe7c15a70cefa1241a2,209,308,382,743,dresses
98dbe7022c12cc04b23a49b4486effae,800,1420,72fa79892fa45eef6ea12b4613119b89,121,441,616,971,dresses
8064b513616d3fa15cf2231a22b3c480,800,1422,3c9e0f643d8fc64be5b7ecb7cac33b4f,0,459,600,821,dresses
846e3bd74dcea4011d49250acd274d00,800,1067,b2a669376f90d4a54d05158d80873bdc,249,203,251,565,dresses
54a6f3229c059ecadec8c28a00524f4c,800,1397,972b8cb5a5afee2dee2262deee74d4e1,198,240,389,706,dresses
7bbccaf8fa50e990dc45dab5263d9643,800,1067,f4af985c63535d13b8b00cd3577f5035,266,268,315,675,dresses
54f769dfcab32eb1de97da00a58c9ac6,800,1423,a52e26bd58d23e8f562d2a524dbd7278,124,408,433,674,dresses
243d15da2fcf20db3167ca5e4c344915,800,800,48f1e80a68c399916f420b9b72a97b1e,281,220,267,359,dresses
6a4592c187effd7ef47f88366631930b,800,1423,afeb609ce05ca3eed350efd539cc57ce,205,523,392,530,dresses
fb070e0ac06e50979f756dc4f289a053,800,1420,430ce2bf7178871be29e4097ac42c941,225,325,367,659,dresses
cd50609b7c3af57e7f706f6a9477e052,800,1423,59e4d6b72ac6e24bd38566da8efebd50,213,474,330,395,dresses
da6964a72533fb4e2d780fdfa2ea1467,800,1423,55995fe260f8a5fab8451c5b598ed370,130,0,541,1094,dresses
2c20431223985d5d412da10a7c8abedc,800,1172,079424c99f375926d50aa8bf6c636c60,231,242,367,686,dresses
8bc032abcc543f561fe16e7e0fb52a64,800,1423,5bd84edf8b8e4088fb4dd5b7e35cd6e6,220,0,364,960,dresses
f5f1efda0e7c3a4b032f57501da68330,800,1420,7dab6b99642852a9cfad92f4c55e36a9,179,51,451,1097,dresses
549932156ce31a24d0f086aebced37c8,800,1420,521a04ef3f6a88085837164b678e35eb,187,423,487,906,dresses
22d11df237f12ac5d6cc9ebcf0903379,800,1422,9357be9a51c615e47b767138860aa7f2,213,303,339,611,dresses
8bcf4726665b44e1c6c6ad54e48c4d12,800,1200,d8bf20d1581e79b13c50ccc7190839e5,308,229,261,585,dresses
d470aca310290bc3da3e2f2319f76e98,800,1423,ea4a246553764a74f944b2ee287d2fc3,231,394,357,998,dresses
08784900c32f49d9e359378b540166b8,800,1423,50e800492a11afa7d07fce5087fe83c6,56,0,680,788,dresses
502d7154c2e436cde47dbd19b66b939a,800,1422,3da67a75a5428fe215f9d847e81d835d,203,405,297,948,dresses
60d6484b4c8ef3ad8c6c8666224312e1,800,1200,f03b0dea0c339ae1390a566eaffe208c,450,401,270,455,dresses
eec0a348ff151960e8fd8635a5c7a898,800,1071,1229045f2ca1409199073d820d9f19c6,277,328,214,400,dresses
d67512a85148099380b6a73566fe23a7,800,1422,0e6d15f8aa7c06f0ba77736951d06329,158,226,430,1148,dresses
964e92d1a727e39d69e11faa74bab316,800,996,915ea8b4d3fa004258cac3265258c722,297,165,302,830,dresses
bc0902d1558381ea97cae51223e0b421,800,1067,44208b03a27e172471b4476443777dff,341,400,165,352,dresses
5a6ee6519c63705bf9a8a6a2f8b1797e,800,1200,52f85f0d227016ed36c09eadb4e039f9,384,448,159,496,dresses
88b6a1509d2f44aa6ea47fbeba216fcc,800,1419,9024eab57b3fb805ef053f6008206b48,178,336,355,1057,dresses
ad19f28c40086720feea22a262050d97,800,1066,0be8f5f3385400041c55d1818478bc1b,311,270,328,433,dresses
1b734a08a8101f1e835d0dcf7dc5d72f,800,1380,729918b4b9f1cd33b89f4e00683c3dc0,280,356,188,769,dresses
